Year,PoliceDistrict,Week_Number,Year_Week_Number,NoOfCrimes
2014,SOUTHEAST,1,2014_1,0
2014,SOUTHEAST,2,2014_2,0
2014,SOUTHEAST,3,2014_3,0
2014,SOUTHEAST,4,2014_4,0
2014,SOUTHEAST,5,2014_5,2
2014,SOUTHEAST,6,2014_6,0
2014,SOUTHEAST,7,2014_7,0
2014,SOUTHEAST,8,2014_8,0
2014,SOUTHEAST,9,2014_9,0
2014,SOUTHEAST,10,2014_10,0
2014,SOUTHEAST,11,2014_11,0
2014,SOUTHEAST,12,2014_12,0
2014,SOUTHEAST,13,2014_13,1
2014,SOUTHEAST,14,2014_14,1
2014,SOUTHEAST,15,2014_15,0
2014,SOUTHEAST,16,2014_16,1
2014,SOUTHEAST,17,2014_17,0
2014,SOUTHEAST,18,2014_18,0
2014,SOUTHEAST,19,2014_19,0
2014,SOUTHEAST,20,2014_20,0
2014,SOUTHEAST,21,2014_21,0
2014,SOUTHEAST,22,2014_22,0
2014,SOUTHEAST,23,2014_23,0
2014,SOUTHEAST,24,2014_24,0
2014,SOUTHEAST,25,2014_25,0
2014,SOUTHEAST,26,2014_26,0
2014,SOUTHEAST,27,2014_27,1
2014,SOUTHEAST,28,2014_28,0
2014,SOUTHEAST,29,2014_29,0
2014,SOUTHEAST,30,2014_30,0
2014,SOUTHEAST,31,2014_31,0
2014,SOUTHEAST,32,2014_32,0
2014,SOUTHEAST,33,2014_33,0
2014,SOUTHEAST,34,2014_34,0
2014,SOUTHEAST,35,2014_35,0
2014,SOUTHEAST,36,2014_36,0
2014,SOUTHEAST,37,2014_37,0
2014,SOUTHEAST,38,2014_38,1
2014,SOUTHEAST,39,2014_39,2
2014,SOUTHEAST,40,2014_40,1
2014,SOUTHEAST,41,2014_41,1
2014,SOUTHEAST,42,2014_42,0
2014,SOUTHEAST,43,2014_43,0
2014,SOUTHEAST,44,2014_44,0
2014,SOUTHEAST,45,2014_45,0
2014,SOUTHEAST,46,2014_46,0
2014,SOUTHEAST,47,2014_47,0
2014,SOUTHEAST,48,2014_48,0
2014,SOUTHEAST,49,2014_49,0
2014,SOUTHEAST,50,2014_50,0
2014,SOUTHEAST,51,2014_51,0
2014,SOUTHEAST,52,2014_52,0
2015,SOUTHEAST,1,2015_1,0
2015,SOUTHEAST,2,2015_2,0
2015,SOUTHEAST,3,2015_3,0
2015,SOUTHEAST,4,2015_4,0
2015,SOUTHEAST,5,2015_5,1
2015,SOUTHEAST,6,2015_6,1
2015,SOUTHEAST,7,2015_7,0
2015,SOUTHEAST,8,2015_8,0
2015,SOUTHEAST,9,2015_9,0
2015,SOUTHEAST,10,2015_10,0
2015,SOUTHEAST,11,2015_11,0
2015,SOUTHEAST,12,2015_12,0
2015,SOUTHEAST,13,2015_13,0
2015,SOUTHEAST,14,2015_14,0
2015,SOUTHEAST,15,2015_15,0
2015,SOUTHEAST,16,2015_16,0
2015,SOUTHEAST,17,2015_17,1
2015,SOUTHEAST,18,2015_18,1
2015,SOUTHEAST,19,2015_19,1
2015,SOUTHEAST,20,2015_20,0
2015,SOUTHEAST,21,2015_21,0
2015,SOUTHEAST,22,2015_22,0
2015,SOUTHEAST,23,2015_23,0
2015,SOUTHEAST,24,2015_24,0
2015,SOUTHEAST,25,2015_25,0
2015,SOUTHEAST,26,2015_26,1
2015,SOUTHEAST,27,2015_27,0
2015,SOUTHEAST,28,2015_28,0
2015,SOUTHEAST,29,2015_29,0
2015,SOUTHEAST,30,2015_30,0
2015,SOUTHEAST,31,2015_31,0
2015,SOUTHEAST,32,2015_32,0
2015,SOUTHEAST,33,2015_33,2
2015,SOUTHEAST,34,2015_34,1
2015,SOUTHEAST,35,2015_35,1
2015,SOUTHEAST,36,2015_36,0
2015,SOUTHEAST,37,2015_37,0
2015,SOUTHEAST,38,2015_38,0
2015,SOUTHEAST,39,2015_39,0
2015,SOUTHEAST,40,2015_40,0
2015,SOUTHEAST,41,2015_41,0
2015,SOUTHEAST,42,2015_42,0
2015,SOUTHEAST,43,2015_43,0
2015,SOUTHEAST,44,2015_44,1
2015,SOUTHEAST,45,2015_45,0
2015,SOUTHEAST,46,2015_46,1
2015,SOUTHEAST,47,2015_47,0
2015,SOUTHEAST,48,2015_48,0
2015,SOUTHEAST,49,2015_49,0
2015,SOUTHEAST,50,2015_50,0
2015,SOUTHEAST,51,2015_51,1
2015,SOUTHEAST,52,2015_52,1
2015,SOUTHEAST,53,2015_53,0
2016,SOUTHEAST,1,2016_1,0
2016,SOUTHEAST,2,2016_2,1
2016,SOUTHEAST,3,2016_3,0
2016,SOUTHEAST,4,2016_4,1
2016,SOUTHEAST,5,2016_5,0
2016,SOUTHEAST,6,2016_6,1
2016,SOUTHEAST,7,2016_7,0
2016,SOUTHEAST,8,2016_8,0
2016,SOUTHEAST,9,2016_9,0
2016,SOUTHEAST,10,2016_10,0
2016,SOUTHEAST,11,2016_11,0
2016,SOUTHEAST,12,2016_12,2
2016,SOUTHEAST,13,2016_13,0
2016,SOUTHEAST,14,2016_14,0
2016,SOUTHEAST,15,2016_15,0
2016,SOUTHEAST,16,2016_16,2
2016,SOUTHEAST,17,2016_17,2
2016,SOUTHEAST,18,2016_18,1
2016,SOUTHEAST,19,2016_19,1
2016,SOUTHEAST,20,2016_20,0
2016,SOUTHEAST,21,2016_21,1
2016,SOUTHEAST,22,2016_22,0
2016,SOUTHEAST,23,2016_23,0
2016,SOUTHEAST,24,2016_24,0
2016,SOUTHEAST,25,2016_25,0
2016,SOUTHEAST,26,2016_26,1
2016,SOUTHEAST,27,2016_27,1
2016,SOUTHEAST,28,2016_28,0
2016,SOUTHEAST,29,2016_29,0
2016,SOUTHEAST,30,2016_30,0
2016,SOUTHEAST,31,2016_31,0
2016,SOUTHEAST,32,2016_32,0
2016,SOUTHEAST,33,2016_33,1
2016,SOUTHEAST,34,2016_34,1
2016,SOUTHEAST,35,2016_35,1
2016,SOUTHEAST,36,2016_36,0
2016,SOUTHEAST,37,2016_37,0
2016,SOUTHEAST,38,2016_38,0
2016,SOUTHEAST,39,2016_39,0
2016,SOUTHEAST,40,2016_40,1
2016,SOUTHEAST,41,2016_41,1
2016,SOUTHEAST,42,2016_42,0
2016,SOUTHEAST,43,2016_43,0
2016,SOUTHEAST,44,2016_44,0
2016,SOUTHEAST,45,2016_45,0
2016,SOUTHEAST,46,2016_46,0
2016,SOUTHEAST,47,2016_47,0
2016,SOUTHEAST,48,2016_48,1
2016,SOUTHEAST,49,2016_49,0
2016,SOUTHEAST,50,2016_50,0
2016,SOUTHEAST,51,2016_51,1
2016,SOUTHEAST,52,2016_52,0
2017,SOUTHEAST,1,2017_1,0
2017,SOUTHEAST,2,2017_2,0
2017,SOUTHEAST,3,2017_3,1
2017,SOUTHEAST,4,2017_4,1
2017,SOUTHEAST,5,2017_5,0
2017,SOUTHEAST,6,2017_6,0
2017,SOUTHEAST,7,2017_7,0
2017,SOUTHEAST,8,2017_8,0
2017,SOUTHEAST,9,2017_9,0
2017,SOUTHEAST,10,2017_10,1
2017,SOUTHEAST,11,2017_11,0
2017,SOUTHEAST,12,2017_12,0
2017,SOUTHEAST,13,2017_13,1
2017,SOUTHEAST,14,2017_14,1
2017,SOUTHEAST,15,2017_15,0
2017,SOUTHEAST,16,2017_16,0
2017,SOUTHEAST,17,2017_17,1
2017,SOUTHEAST,18,2017_18,0
2017,SOUTHEAST,19,2017_19,1
2017,SOUTHEAST,20,2017_20,0
2017,SOUTHEAST,21,2017_21,1
2017,SOUTHEAST,22,2017_22,1
2017,SOUTHEAST,23,2017_23,0
2017,SOUTHEAST,24,2017_24,1
2017,SOUTHEAST,25,2017_25,0
2017,SOUTHEAST,26,2017_26,1
2017,SOUTHEAST,27,2017_27,0
2017,SOUTHEAST,28,2017_28,0
2017,SOUTHEAST,29,2017_29,0
2017,SOUTHEAST,30,2017_30,1
2017,SOUTHEAST,31,2017_31,1
2017,SOUTHEAST,32,2017_32,0
2017,SOUTHEAST,33,2017_33,0
2017,SOUTHEAST,34,2017_34,1
2017,SOUTHEAST,35,2017_35,1
2017,SOUTHEAST,36,2017_36,0
2017,SOUTHEAST,37,2017_37,0
2017,SOUTHEAST,38,2017_38,2
2017,SOUTHEAST,39,2017_39,1
2017,SOUTHEAST,40,2017_40,0
2017,SOUTHEAST,41,2017_41,0
2017,SOUTHEAST,42,2017_42,0
2017,SOUTHEAST,43,2017_43,0
2017,SOUTHEAST,44,2017_44,1
2017,SOUTHEAST,45,2017_45,1
2017,SOUTHEAST,46,2017_46,1
2017,SOUTHEAST,47,2017_47,1
2017,SOUTHEAST,48,2017_48,1
2017,SOUTHEAST,49,2017_49,0
2017,SOUTHEAST,50,2017_50,0
2017,SOUTHEAST,51,2017_51,1
2017,SOUTHEAST,52,2017_52,0
2018,SOUTHEAST,1,2018_1,0
2018,SOUTHEAST,2,2018_2,1
2018,SOUTHEAST,3,2018_3,0
2018,SOUTHEAST,4,2018_4,0
2018,SOUTHEAST,5,2018_5,1
2018,SOUTHEAST,6,2018_6,0
2018,SOUTHEAST,7,2018_7,0
2018,SOUTHEAST,8,2018_8,1
2018,SOUTHEAST,9,2018_9,0
2018,SOUTHEAST,10,2018_10,0
2018,SOUTHEAST,11,2018_11,0
2018,SOUTHEAST,12,2018_12,0
2018,SOUTHEAST,13,2018_13,0
2018,SOUTHEAST,14,2018_14,0
2018,SOUTHEAST,15,2018_15,0
2018,SOUTHEAST,16,2018_16,1
2018,SOUTHEAST,17,2018_17,0
2018,SOUTHEAST,18,2018_18,1
2018,SOUTHEAST,19,2018_19,0
2018,SOUTHEAST,20,2018_20,0
2018,SOUTHEAST,21,2018_21,0
2018,SOUTHEAST,22,2018_22,0
2018,SOUTHEAST,23,2018_23,0
2018,SOUTHEAST,24,2018_24,0
2018,SOUTHEAST,25,2018_25,0
2018,SOUTHEAST,26,2018_26,0
2018,SOUTHEAST,27,2018_27,0
2018,SOUTHEAST,28,2018_28,1
2018,SOUTHEAST,29,2018_29,0
2018,SOUTHEAST,30,2018_30,0
2018,SOUTHEAST,31,2018_31,0
2018,SOUTHEAST,32,2018_32,1
2018,SOUTHEAST,33,2018_33,0
2018,SOUTHEAST,34,2018_34,0
2018,SOUTHEAST,35,2018_35,0
2018,SOUTHEAST,36,2018_36,1
2018,SOUTHEAST,37,2018_37,0
2018,SOUTHEAST,38,2018_38,0
2018,SOUTHEAST,39,2018_39,0
2018,SOUTHEAST,40,2018_40,0
2018,SOUTHEAST,41,2018_41,1
2018,SOUTHEAST,42,2018_42,0
2018,SOUTHEAST,43,2018_43,0
2018,SOUTHEAST,44,2018_44,0
2018,SOUTHEAST,45,2018_45,0
2018,SOUTHEAST,46,2018_46,0
2018,SOUTHEAST,47,2018_47,0
2018,SOUTHEAST,48,2018_48,0
2018,SOUTHEAST,49,2018_49,0
2018,SOUTHEAST,50,2018_50,0
2018,SOUTHEAST,51,2018_51,1
2018,SOUTHEAST,52,2018_52,0
2019,SOUTHEAST,1,2019_1,1
2019,SOUTHEAST,2,2019_2,2
2019,SOUTHEAST,3,2019_3,0
2019,SOUTHEAST,4,2019_4,0
2019,SOUTHEAST,5,2019_5,0
2019,SOUTHEAST,6,2019_6,1
2019,SOUTHEAST,7,2019_7,1
2019,SOUTHEAST,8,2019_8,0
2019,SOUTHEAST,9,2019_9,0
2019,SOUTHEAST,10,2019_10,1
2019,SOUTHEAST,11,2019_11,0
2019,SOUTHEAST,12,2019_12,0
2019,SOUTHEAST,13,2019_13,1
2019,SOUTHEAST,14,2019_14,0
2019,SOUTHEAST,15,2019_15,0
2019,SOUTHEAST,16,2019_16,1
2019,SOUTHEAST,17,2019_17,0
2019,SOUTHEAST,18,2019_18,0
2019,SOUTHEAST,19,2019_19,0
2019,SOUTHEAST,20,2019_20,0
2019,SOUTHEAST,21,2019_21,1
2019,SOUTHEAST,22,2019_22,1
2019,SOUTHEAST,23,2019_23,1
2019,SOUTHEAST,24,2019_24,2
2019,SOUTHEAST,25,2019_25,1
2019,SOUTHEAST,26,2019_26,2
2019,SOUTHEAST,27,2019_27,1
2019,SOUTHEAST,28,2019_28,1
2019,SOUTHEAST,29,2019_29,1
2019,SOUTHEAST,30,2019_30,0
2019,SOUTHEAST,31,2019_31,0
2019,SOUTHEAST,32,2019_32,0
2019,SOUTHEAST,33,2019_33,2
2019,SOUTHEAST,34,2019_34,0
2019,SOUTHEAST,35,2019_35,0
2019,SOUTHEAST,36,2019_36,1
2019,SOUTHEAST,37,2019_37,1
2019,SOUTHEAST,38,2019_38,0
2019,SOUTHEAST,39,2019_39,0
2019,SOUTHEAST,40,2019_40,0
2019,SOUTHEAST,41,2019_41,1
2019,SOUTHEAST,42,2019_42,0
2019,SOUTHEAST,43,2019_43,1
2019,SOUTHEAST,44,2019_44,0
2019,SOUTHEAST,45,2019_45,1
2019,SOUTHEAST,46,2019_46,1
2019,SOUTHEAST,47,2019_47,1
2019,SOUTHEAST,48,2019_48,0
2019,SOUTHEAST,49,2019_49,1
2019,SOUTHEAST,50,2019_50,0
2019,SOUTHEAST,51,2019_51,3
2019,SOUTHEAST,52,2019_52,1
2020,SOUTHEAST,1,2020_1,0
2020,SOUTHEAST,2,2020_2,1
2020,SOUTHEAST,3,2020_3,1
2020,SOUTHEAST,4,2020_4,0
2020,SOUTHEAST,5,2020_5,1
2020,SOUTHEAST,6,2020_6,1
2020,SOUTHEAST,7,2020_7,0
2020,SOUTHEAST,8,2020_8,1
2020,SOUTHEAST,9,2020_9,0
2020,SOUTHEAST,10,2020_10,0
2020,SOUTHEAST,11,2020_11,0
2020,SOUTHEAST,12,2020_12,1
2020,SOUTHEAST,13,2020_13,0
2020,SOUTHEAST,14,2020_14,0
2020,SOUTHEAST,15,2020_15,1
2020,SOUTHEAST,16,2020_16,0
2020,SOUTHEAST,17,2020_17,0
2020,SOUTHEAST,18,2020_18,0
2020,SOUTHEAST,19,2020_19,0
2020,SOUTHEAST,20,2020_20,0
2020,SOUTHEAST,21,2020_21,1
2020,SOUTHEAST,22,2020_22,1
2020,SOUTHEAST,23,2020_23,1
2014,NORTHWEST,1,2014_1,0
2014,NORTHWEST,2,2014_2,3
2014,NORTHWEST,3,2014_3,0
2014,NORTHWEST,4,2014_4,0
2014,NORTHWEST,5,2014_5,1
2014,NORTHWEST,6,2014_6,1
2014,NORTHWEST,7,2014_7,0
2014,NORTHWEST,8,2014_8,1
2014,NORTHWEST,9,2014_9,1
2014,NORTHWEST,10,2014_10,0
2014,NORTHWEST,11,2014_11,0
2014,NORTHWEST,12,2014_12,0
2014,NORTHWEST,13,2014_13,0
2014,NORTHWEST,14,2014_14,0
2014,NORTHWEST,15,2014_15,0
2014,NORTHWEST,16,2014_16,1
2014,NORTHWEST,17,2014_17,0
2014,NORTHWEST,18,2014_18,0
2014,NORTHWEST,19,2014_19,0
2014,NORTHWEST,20,2014_20,1
2014,NORTHWEST,21,2014_21,0
2014,NORTHWEST,22,2014_22,0
2014,NORTHWEST,23,2014_23,2
2014,NORTHWEST,24,2014_24,0
2014,NORTHWEST,25,2014_25,0
2014,NORTHWEST,26,2014_26,1
2014,NORTHWEST,27,2014_27,2
2014,NORTHWEST,28,2014_28,1
2014,NORTHWEST,29,2014_29,3
2014,NORTHWEST,30,2014_30,1
2014,NORTHWEST,31,2014_31,1
2014,NORTHWEST,32,2014_32,1
2014,NORTHWEST,33,2014_33,1
2014,NORTHWEST,34,2014_34,0
2014,NORTHWEST,35,2014_35,0
2014,NORTHWEST,36,2014_36,3
2014,NORTHWEST,37,2014_37,0
2014,NORTHWEST,38,2014_38,0
2014,NORTHWEST,39,2014_39,1
2014,NORTHWEST,40,2014_40,1
2014,NORTHWEST,41,2014_41,2
2014,NORTHWEST,42,2014_42,0
2014,NORTHWEST,43,2014_43,2
2014,NORTHWEST,44,2014_44,1
2014,NORTHWEST,45,2014_45,0
2014,NORTHWEST,46,2014_46,1
2014,NORTHWEST,47,2014_47,0
2014,NORTHWEST,48,2014_48,1
2014,NORTHWEST,49,2014_49,1
2014,NORTHWEST,50,2014_50,0
2014,NORTHWEST,51,2014_51,1
2014,NORTHWEST,52,2014_52,0
2015,NORTHWEST,1,2015_1,0
2015,NORTHWEST,2,2015_2,0
2015,NORTHWEST,3,2015_3,0
2015,NORTHWEST,4,2015_4,0
2015,NORTHWEST,5,2015_5,2
2015,NORTHWEST,6,2015_6,0
2015,NORTHWEST,7,2015_7,2
2015,NORTHWEST,8,2015_8,1
2015,NORTHWEST,9,2015_9,0
2015,NORTHWEST,10,2015_10,0
2015,NORTHWEST,11,2015_11,0
2015,NORTHWEST,12,2015_12,0
2015,NORTHWEST,13,2015_13,0
2015,NORTHWEST,14,2015_14,0
2015,NORTHWEST,15,2015_15,0
2015,NORTHWEST,16,2015_16,1
2015,NORTHWEST,17,2015_17,2
2015,NORTHWEST,18,2015_18,3
2015,NORTHWEST,19,2015_19,3
2015,NORTHWEST,20,2015_20,0
2015,NORTHWEST,21,2015_21,0
2015,NORTHWEST,22,2015_22,1
2015,NORTHWEST,23,2015_23,2
2015,NORTHWEST,24,2015_24,0
2015,NORTHWEST,25,2015_25,0
2015,NORTHWEST,26,2015_26,1
2015,NORTHWEST,27,2015_27,1
2015,NORTHWEST,28,2015_28,1
2015,NORTHWEST,29,2015_29,1
2015,NORTHWEST,30,2015_30,2
2015,NORTHWEST,31,2015_31,1
2015,NORTHWEST,32,2015_32,3
2015,NORTHWEST,33,2015_33,0
2015,NORTHWEST,34,2015_34,1
2015,NORTHWEST,35,2015_35,0
2015,NORTHWEST,36,2015_36,0
2015,NORTHWEST,37,2015_37,1
2015,NORTHWEST,38,2015_38,1
2015,NORTHWEST,39,2015_39,1
2015,NORTHWEST,40,2015_40,2
2015,NORTHWEST,41,2015_41,0
2015,NORTHWEST,42,2015_42,1
2015,NORTHWEST,43,2015_43,2
2015,NORTHWEST,44,2015_44,0
2015,NORTHWEST,45,2015_45,1
2015,NORTHWEST,46,2015_46,1
2015,NORTHWEST,47,2015_47,0
2015,NORTHWEST,48,2015_48,0
2015,NORTHWEST,49,2015_49,0
2015,NORTHWEST,50,2015_50,1
2015,NORTHWEST,51,2015_51,1
2015,NORTHWEST,52,2015_52,0
2015,NORTHWEST,53,2015_53,1
2016,NORTHWEST,1,2016_1,0
2016,NORTHWEST,2,2016_2,1
2016,NORTHWEST,3,2016_3,1
2016,NORTHWEST,4,2016_4,0
2016,NORTHWEST,5,2016_5,1
2016,NORTHWEST,6,2016_6,0
2016,NORTHWEST,7,2016_7,0
2016,NORTHWEST,8,2016_8,0
2016,NORTHWEST,9,2016_9,0
2016,NORTHWEST,10,2016_10,0
2016,NORTHWEST,11,2016_11,1
2016,NORTHWEST,12,2016_12,0
2016,NORTHWEST,13,2016_13,1
2016,NORTHWEST,14,2016_14,1
2016,NORTHWEST,15,2016_15,0
2016,NORTHWEST,16,2016_16,1
2016,NORTHWEST,17,2016_17,3
2016,NORTHWEST,18,2016_18,2
2016,NORTHWEST,19,2016_19,0
2016,NORTHWEST,20,2016_20,0
2016,NORTHWEST,21,2016_21,2
2016,NORTHWEST,22,2016_22,0
2016,NORTHWEST,23,2016_23,1
2016,NORTHWEST,24,2016_24,0
2016,NORTHWEST,25,2016_25,0
2016,NORTHWEST,26,2016_26,1
2016,NORTHWEST,27,2016_27,1
2016,NORTHWEST,28,2016_28,1
2016,NORTHWEST,29,2016_29,1
2016,NORTHWEST,30,2016_30,0
2016,NORTHWEST,31,2016_31,0
2016,NORTHWEST,32,2016_32,1
2016,NORTHWEST,33,2016_33,0
2016,NORTHWEST,34,2016_34,1
2016,NORTHWEST,35,2016_35,1
2016,NORTHWEST,36,2016_36,0
2016,NORTHWEST,37,2016_37,2
2016,NORTHWEST,38,2016_38,1
2016,NORTHWEST,39,2016_39,0
2016,NORTHWEST,40,2016_40,0
2016,NORTHWEST,41,2016_41,1
2016,NORTHWEST,42,2016_42,0
2016,NORTHWEST,43,2016_43,1
2016,NORTHWEST,44,2016_44,1
2016,NORTHWEST,45,2016_45,0
2016,NORTHWEST,46,2016_46,3
2016,NORTHWEST,47,2016_47,1
2016,NORTHWEST,48,2016_48,4
2016,NORTHWEST,49,2016_49,0
2016,NORTHWEST,50,2016_50,3
2016,NORTHWEST,51,2016_51,2
2016,NORTHWEST,52,2016_52,0
2017,NORTHWEST,1,2017_1,0
2017,NORTHWEST,2,2017_2,1
2017,NORTHWEST,3,2017_3,0
2017,NORTHWEST,4,2017_4,2
2017,NORTHWEST,5,2017_5,1
2017,NORTHWEST,6,2017_6,1
2017,NORTHWEST,7,2017_7,0
2017,NORTHWEST,8,2017_8,1
2017,NORTHWEST,9,2017_9,1
2017,NORTHWEST,10,2017_10,0
2017,NORTHWEST,11,2017_11,0
2017,NORTHWEST,12,2017_12,1
2017,NORTHWEST,13,2017_13,3
2017,NORTHWEST,14,2017_14,0
2017,NORTHWEST,15,2017_15,3
2017,NORTHWEST,16,2017_16,1
2017,NORTHWEST,17,2017_17,0
2017,NORTHWEST,18,2017_18,0
2017,NORTHWEST,19,2017_19,2
2017,NORTHWEST,20,2017_20,1
2017,NORTHWEST,21,2017_21,1
2017,NORTHWEST,22,2017_22,1
2017,NORTHWEST,23,2017_23,0
2017,NORTHWEST,24,2017_24,0
2017,NORTHWEST,25,2017_25,2
2017,NORTHWEST,26,2017_26,1
2017,NORTHWEST,27,2017_27,3
2017,NORTHWEST,28,2017_28,0
2017,NORTHWEST,29,2017_29,0
2017,NORTHWEST,30,2017_30,2
2017,NORTHWEST,31,2017_31,0
2017,NORTHWEST,32,2017_32,1
2017,NORTHWEST,33,2017_33,0
2017,NORTHWEST,34,2017_34,1
2017,NORTHWEST,35,2017_35,0
2017,NORTHWEST,36,2017_36,1
2017,NORTHWEST,37,2017_37,1
2017,NORTHWEST,38,2017_38,1
2017,NORTHWEST,39,2017_39,1
2017,NORTHWEST,40,2017_40,0
2017,NORTHWEST,41,2017_41,1
2017,NORTHWEST,42,2017_42,0
2017,NORTHWEST,43,2017_43,1
2017,NORTHWEST,44,2017_44,2
2017,NORTHWEST,45,2017_45,1
2017,NORTHWEST,46,2017_46,1
2017,NORTHWEST,47,2017_47,1
2017,NORTHWEST,48,2017_48,1
2017,NORTHWEST,49,2017_49,1
2017,NORTHWEST,50,2017_50,1
2017,NORTHWEST,51,2017_51,1
2017,NORTHWEST,52,2017_52,1
2018,NORTHWEST,1,2018_1,0
2018,NORTHWEST,2,2018_2,0
2018,NORTHWEST,3,2018_3,0
2018,NORTHWEST,4,2018_4,2
2018,NORTHWEST,5,2018_5,1
2018,NORTHWEST,6,2018_6,0
2018,NORTHWEST,7,2018_7,0
2018,NORTHWEST,8,2018_8,3
2018,NORTHWEST,9,2018_9,0
2018,NORTHWEST,10,2018_10,0
2018,NORTHWEST,11,2018_11,0
2018,NORTHWEST,12,2018_12,2
2018,NORTHWEST,13,2018_13,0
2018,NORTHWEST,14,2018_14,1
2018,NORTHWEST,15,2018_15,0
2018,NORTHWEST,16,2018_16,0
2018,NORTHWEST,17,2018_17,0
2018,NORTHWEST,18,2018_18,0
2018,NORTHWEST,19,2018_19,0
2018,NORTHWEST,20,2018_20,0
2018,NORTHWEST,21,2018_21,1
2018,NORTHWEST,22,2018_22,0
2018,NORTHWEST,23,2018_23,1
2018,NORTHWEST,24,2018_24,1
2018,NORTHWEST,25,2018_25,1
2018,NORTHWEST,26,2018_26,0
2018,NORTHWEST,27,2018_27,0
2018,NORTHWEST,28,2018_28,0
2018,NORTHWEST,29,2018_29,1
2018,NORTHWEST,30,2018_30,0
2018,NORTHWEST,31,2018_31,0
2018,NORTHWEST,32,2018_32,2
2018,NORTHWEST,33,2018_33,1
2018,NORTHWEST,34,2018_34,0
2018,NORTHWEST,35,2018_35,1
2018,NORTHWEST,36,2018_36,0
2018,NORTHWEST,37,2018_37,1
2018,NORTHWEST,38,2018_38,2
2018,NORTHWEST,39,2018_39,1
2018,NORTHWEST,40,2018_40,3
2018,NORTHWEST,41,2018_41,0
2018,NORTHWEST,42,2018_42,1
2018,NORTHWEST,43,2018_43,2
2018,NORTHWEST,44,2018_44,1
2018,NORTHWEST,45,2018_45,0
2018,NORTHWEST,46,2018_46,0
2018,NORTHWEST,47,2018_47,1
2018,NORTHWEST,48,2018_48,1
2018,NORTHWEST,49,2018_49,0
2018,NORTHWEST,50,2018_50,1
2018,NORTHWEST,51,2018_51,1
2018,NORTHWEST,52,2018_52,1
2019,NORTHWEST,1,2019_1,0
2019,NORTHWEST,2,2019_2,1
2019,NORTHWEST,3,2019_3,0
2019,NORTHWEST,4,2019_4,1
2019,NORTHWEST,5,2019_5,0
2019,NORTHWEST,6,2019_6,0
2019,NORTHWEST,7,2019_7,0
2019,NORTHWEST,8,2019_8,3
2019,NORTHWEST,9,2019_9,0
2019,NORTHWEST,10,2019_10,0
2019,NORTHWEST,11,2019_11,0
2019,NORTHWEST,12,2019_12,0
2019,NORTHWEST,13,2019_13,1
2019,NORTHWEST,14,2019_14,0
2019,NORTHWEST,15,2019_15,0
2019,NORTHWEST,16,2019_16,2
2019,NORTHWEST,17,2019_17,0
2019,NORTHWEST,18,2019_18,1
2019,NORTHWEST,19,2019_19,1
2019,NORTHWEST,20,2019_20,0
2019,NORTHWEST,21,2019_21,1
2019,NORTHWEST,22,2019_22,1
2019,NORTHWEST,23,2019_23,1
2019,NORTHWEST,24,2019_24,1
2019,NORTHWEST,25,2019_25,0
2019,NORTHWEST,26,2019_26,3
2019,NORTHWEST,27,2019_27,1
2019,NORTHWEST,28,2019_28,1
2019,NORTHWEST,29,2019_29,3
2019,NORTHWEST,30,2019_30,3
2019,NORTHWEST,31,2019_31,1
2019,NORTHWEST,32,2019_32,3
2019,NORTHWEST,33,2019_33,1
2019,NORTHWEST,34,2019_34,0
2019,NORTHWEST,35,2019_35,1
2019,NORTHWEST,36,2019_36,1
2019,NORTHWEST,37,2019_37,0
2019,NORTHWEST,38,2019_38,1
2019,NORTHWEST,39,2019_39,1
2019,NORTHWEST,40,2019_40,1
2019,NORTHWEST,41,2019_41,1
2019,NORTHWEST,42,2019_42,0
2019,NORTHWEST,43,2019_43,0
2019,NORTHWEST,44,2019_44,3
2019,NORTHWEST,45,2019_45,1
2019,NORTHWEST,46,2019_46,1
2019,NORTHWEST,47,2019_47,1
2019,NORTHWEST,48,2019_48,0
2019,NORTHWEST,49,2019_49,1
2019,NORTHWEST,50,2019_50,0
2019,NORTHWEST,51,2019_51,0
2019,NORTHWEST,52,2019_52,0
2020,NORTHWEST,1,2020_1,1
2020,NORTHWEST,2,2020_2,0
2020,NORTHWEST,3,2020_3,0
2020,NORTHWEST,4,2020_4,0
2020,NORTHWEST,5,2020_5,1
2020,NORTHWEST,6,2020_6,0
2020,NORTHWEST,7,2020_7,0
2020,NORTHWEST,8,2020_8,0
2020,NORTHWEST,9,2020_9,1
2020,NORTHWEST,10,2020_10,1
2020,NORTHWEST,11,2020_11,0
2020,NORTHWEST,12,2020_12,1
2020,NORTHWEST,13,2020_13,3
2020,NORTHWEST,14,2020_14,1
2020,NORTHWEST,15,2020_15,1
2020,NORTHWEST,16,2020_16,0
2020,NORTHWEST,17,2020_17,1
2020,NORTHWEST,18,2020_18,1
2020,NORTHWEST,19,2020_19,1
2020,NORTHWEST,20,2020_20,0
2020,NORTHWEST,21,2020_21,3
2020,NORTHWEST,22,2020_22,1
2020,NORTHWEST,23,2020_23,2
2014,EASTERN,1,2014_1,2
2014,EASTERN,2,2014_2,0
2014,EASTERN,3,2014_3,0
2014,EASTERN,4,2014_4,0
2014,EASTERN,5,2014_5,0
2014,EASTERN,6,2014_6,0
2014,EASTERN,7,2014_7,0
2014,EASTERN,8,2014_8,1
2014,EASTERN,9,2014_9,0
2014,EASTERN,10,2014_10,1
2014,EASTERN,11,2014_11,1
2014,EASTERN,12,2014_12,0
2014,EASTERN,13,2014_13,0
2014,EASTERN,14,2014_14,1
2014,EASTERN,15,2014_15,0
2014,EASTERN,16,2014_16,1
2014,EASTERN,17,2014_17,1
2014,EASTERN,18,2014_18,0
2014,EASTERN,19,2014_19,2
2014,EASTERN,20,2014_20,0
2014,EASTERN,21,2014_21,1
2014,EASTERN,22,2014_22,0
2014,EASTERN,23,2014_23,1
2014,EASTERN,24,2014_24,1
2014,EASTERN,25,2014_25,0
2014,EASTERN,26,2014_26,0
2014,EASTERN,27,2014_27,1
2014,EASTERN,28,2014_28,0
2014,EASTERN,29,2014_29,1
2014,EASTERN,30,2014_30,0
2014,EASTERN,31,2014_31,0
2014,EASTERN,32,2014_32,3
2014,EASTERN,33,2014_33,0
2014,EASTERN,34,2014_34,0
2014,EASTERN,35,2014_35,1
2014,EASTERN,36,2014_36,1
2014,EASTERN,37,2014_37,0
2014,EASTERN,38,2014_38,0
2014,EASTERN,39,2014_39,1
2014,EASTERN,40,2014_40,1
2014,EASTERN,41,2014_41,0
2014,EASTERN,42,2014_42,1
2014,EASTERN,43,2014_43,0
2014,EASTERN,44,2014_44,1
2014,EASTERN,45,2014_45,0
2014,EASTERN,46,2014_46,0
2014,EASTERN,47,2014_47,0
2014,EASTERN,48,2014_48,1
2014,EASTERN,49,2014_49,1
2014,EASTERN,50,2014_50,2
2014,EASTERN,51,2014_51,0
2014,EASTERN,52,2014_52,0
2015,EASTERN,1,2015_1,0
2015,EASTERN,2,2015_2,0
2015,EASTERN,3,2015_3,0
2015,EASTERN,4,2015_4,0
2015,EASTERN,5,2015_5,1
2015,EASTERN,6,2015_6,0
2015,EASTERN,7,2015_7,0
2015,EASTERN,8,2015_8,1
2015,EASTERN,9,2015_9,0
2015,EASTERN,10,2015_10,0
2015,EASTERN,11,2015_11,0
2015,EASTERN,12,2015_12,1
2015,EASTERN,13,2015_13,0
2015,EASTERN,14,2015_14,0
2015,EASTERN,15,2015_15,0
2015,EASTERN,16,2015_16,0
2015,EASTERN,17,2015_17,0
2015,EASTERN,18,2015_18,0
2015,EASTERN,19,2015_19,1
2015,EASTERN,20,2015_20,1
2015,EASTERN,21,2015_21,1
2015,EASTERN,22,2015_22,2
2015,EASTERN,23,2015_23,0
2015,EASTERN,24,2015_24,3
2015,EASTERN,25,2015_25,1
2015,EASTERN,26,2015_26,1
2015,EASTERN,27,2015_27,1
2015,EASTERN,28,2015_28,4
2015,EASTERN,29,2015_29,1
2015,EASTERN,30,2015_30,1
2015,EASTERN,31,2015_31,0
2015,EASTERN,32,2015_32,3
2015,EASTERN,33,2015_33,0
2015,EASTERN,34,2015_34,0
2015,EASTERN,35,2015_35,1
2015,EASTERN,36,2015_36,0
2015,EASTERN,37,2015_37,2
2015,EASTERN,38,2015_38,2
2015,EASTERN,39,2015_39,0
2015,EASTERN,40,2015_40,1
2015,EASTERN,41,2015_41,0
2015,EASTERN,42,2015_42,3
2015,EASTERN,43,2015_43,2
2015,EASTERN,44,2015_44,2
2015,EASTERN,45,2015_45,0
2015,EASTERN,46,2015_46,1
2015,EASTERN,47,2015_47,1
2015,EASTERN,48,2015_48,0
2015,EASTERN,49,2015_49,2
2015,EASTERN,50,2015_50,0
2015,EASTERN,51,2015_51,3
2015,EASTERN,52,2015_52,0
2015,EASTERN,53,2015_53,2
2016,EASTERN,1,2016_1,1
2016,EASTERN,2,2016_2,1
2016,EASTERN,3,2016_3,0
2016,EASTERN,4,2016_4,1
2016,EASTERN,5,2016_5,2
2016,EASTERN,6,2016_6,1
2016,EASTERN,7,2016_7,1
2016,EASTERN,8,2016_8,1
2016,EASTERN,9,2016_9,0
2016,EASTERN,10,2016_10,1
2016,EASTERN,11,2016_11,3
2016,EASTERN,12,2016_12,0
2016,EASTERN,13,2016_13,2
2016,EASTERN,14,2016_14,2
2016,EASTERN,15,2016_15,1
2016,EASTERN,16,2016_16,1
2016,EASTERN,17,2016_17,2
2016,EASTERN,18,2016_18,1
2016,EASTERN,19,2016_19,0
2016,EASTERN,20,2016_20,0
2016,EASTERN,21,2016_21,2
2016,EASTERN,22,2016_22,1
2016,EASTERN,23,2016_23,1
2016,EASTERN,24,2016_24,0
2016,EASTERN,25,2016_25,0
2016,EASTERN,26,2016_26,0
2016,EASTERN,27,2016_27,0
2016,EASTERN,28,2016_28,2
2016,EASTERN,29,2016_29,2
2016,EASTERN,30,2016_30,0
2016,EASTERN,31,2016_31,1
2016,EASTERN,32,2016_32,1
2016,EASTERN,33,2016_33,0
2016,EASTERN,34,2016_34,2
2016,EASTERN,35,2016_35,0
2016,EASTERN,36,2016_36,3
2016,EASTERN,37,2016_37,4
2016,EASTERN,38,2016_38,0
2016,EASTERN,39,2016_39,0
2016,EASTERN,40,2016_40,0
2016,EASTERN,41,2016_41,0
2016,EASTERN,42,2016_42,1
2016,EASTERN,43,2016_43,0
2016,EASTERN,44,2016_44,0
2016,EASTERN,45,2016_45,0
2016,EASTERN,46,2016_46,3
2016,EASTERN,47,2016_47,0
2016,EASTERN,48,2016_48,2
2016,EASTERN,49,2016_49,1
2016,EASTERN,50,2016_50,0
2016,EASTERN,51,2016_51,0
2016,EASTERN,52,2016_52,1
2017,EASTERN,1,2017_1,0
2017,EASTERN,2,2017_2,1
2017,EASTERN,3,2017_3,1
2017,EASTERN,4,2017_4,3
2017,EASTERN,5,2017_5,0
2017,EASTERN,6,2017_6,0
2017,EASTERN,7,2017_7,1
2017,EASTERN,8,2017_8,0
2017,EASTERN,9,2017_9,0
2017,EASTERN,10,2017_10,0
2017,EASTERN,11,2017_11,3
2017,EASTERN,12,2017_12,1
2017,EASTERN,13,2017_13,0
2017,EASTERN,14,2017_14,1
2017,EASTERN,15,2017_15,2
2017,EASTERN,16,2017_16,0
2017,EASTERN,17,2017_17,5
2017,EASTERN,18,2017_18,1
2017,EASTERN,19,2017_19,0
2017,EASTERN,20,2017_20,0
2017,EASTERN,21,2017_21,1
2017,EASTERN,22,2017_22,2
2017,EASTERN,23,2017_23,0
2017,EASTERN,24,2017_24,2
2017,EASTERN,25,2017_25,3
2017,EASTERN,26,2017_26,1
2017,EASTERN,27,2017_27,0
2017,EASTERN,28,2017_28,0
2017,EASTERN,29,2017_29,1
2017,EASTERN,30,2017_30,1
2017,EASTERN,31,2017_31,2
2017,EASTERN,32,2017_32,1
2017,EASTERN,33,2017_33,1
2017,EASTERN,34,2017_34,1
2017,EASTERN,35,2017_35,2
2017,EASTERN,36,2017_36,4
2017,EASTERN,37,2017_37,0
2017,EASTERN,38,2017_38,1
2017,EASTERN,39,2017_39,2
2017,EASTERN,40,2017_40,1
2017,EASTERN,41,2017_41,3
2017,EASTERN,42,2017_42,2
2017,EASTERN,43,2017_43,0
2017,EASTERN,44,2017_44,1
2017,EASTERN,45,2017_45,0
2017,EASTERN,46,2017_46,0
2017,EASTERN,47,2017_47,0
2017,EASTERN,48,2017_48,1
2017,EASTERN,49,2017_49,0
2017,EASTERN,50,2017_50,0
2017,EASTERN,51,2017_51,0
2017,EASTERN,52,2017_52,0
2018,EASTERN,1,2018_1,0
2018,EASTERN,2,2018_2,0
2018,EASTERN,3,2018_3,2
2018,EASTERN,4,2018_4,2
2018,EASTERN,5,2018_5,0
2018,EASTERN,6,2018_6,0
2018,EASTERN,7,2018_7,0
2018,EASTERN,8,2018_8,0
2018,EASTERN,9,2018_9,0
2018,EASTERN,10,2018_10,2
2018,EASTERN,11,2018_11,0
2018,EASTERN,12,2018_12,0
2018,EASTERN,13,2018_13,1
2018,EASTERN,14,2018_14,1
2018,EASTERN,15,2018_15,0
2018,EASTERN,16,2018_16,3
2018,EASTERN,17,2018_17,2
2018,EASTERN,18,2018_18,0
2018,EASTERN,19,2018_19,0
2018,EASTERN,20,2018_20,0
2018,EASTERN,21,2018_21,2
2018,EASTERN,22,2018_22,1
2018,EASTERN,23,2018_23,1
2018,EASTERN,24,2018_24,1
2018,EASTERN,25,2018_25,0
2018,EASTERN,26,2018_26,0
2018,EASTERN,27,2018_27,0
2018,EASTERN,28,2018_28,1
2018,EASTERN,29,2018_29,1
2018,EASTERN,30,2018_30,0
2018,EASTERN,31,2018_31,1
2018,EASTERN,32,2018_32,1
2018,EASTERN,33,2018_33,1
2018,EASTERN,34,2018_34,1
2018,EASTERN,35,2018_35,0
2018,EASTERN,36,2018_36,1
2018,EASTERN,37,2018_37,1
2018,EASTERN,38,2018_38,1
2018,EASTERN,39,2018_39,1
2018,EASTERN,40,2018_40,0
2018,EASTERN,41,2018_41,1
2018,EASTERN,42,2018_42,0
2018,EASTERN,43,2018_43,0
2018,EASTERN,44,2018_44,2
2018,EASTERN,45,2018_45,0
2018,EASTERN,46,2018_46,1
2018,EASTERN,47,2018_47,0
2018,EASTERN,48,2018_48,3
2018,EASTERN,49,2018_49,3
2018,EASTERN,50,2018_50,3
2018,EASTERN,51,2018_51,0
2018,EASTERN,52,2018_52,0
2019,EASTERN,1,2019_1,1
2019,EASTERN,2,2019_2,1
2019,EASTERN,3,2019_3,0
2019,EASTERN,4,2019_4,2
2019,EASTERN,5,2019_5,0
2019,EASTERN,6,2019_6,0
2019,EASTERN,7,2019_7,0
2019,EASTERN,8,2019_8,1
2019,EASTERN,9,2019_9,2
2019,EASTERN,10,2019_10,1
2019,EASTERN,11,2019_11,0
2019,EASTERN,12,2019_12,1
2019,EASTERN,13,2019_13,1
2019,EASTERN,14,2019_14,0
2019,EASTERN,15,2019_15,3
2019,EASTERN,16,2019_16,0
2019,EASTERN,17,2019_17,0
2019,EASTERN,18,2019_18,2
2019,EASTERN,19,2019_19,0
2019,EASTERN,20,2019_20,1
2019,EASTERN,21,2019_21,0
2019,EASTERN,22,2019_22,1
2019,EASTERN,23,2019_23,0
2019,EASTERN,24,2019_24,1
2019,EASTERN,25,2019_25,2
2019,EASTERN,26,2019_26,0
2019,EASTERN,27,2019_27,0
2019,EASTERN,28,2019_28,3
2019,EASTERN,29,2019_29,1
2019,EASTERN,30,2019_30,0
2019,EASTERN,31,2019_31,1
2019,EASTERN,32,2019_32,0
2019,EASTERN,33,2019_33,0
2019,EASTERN,34,2019_34,1
2019,EASTERN,35,2019_35,2
2019,EASTERN,36,2019_36,0
2019,EASTERN,37,2019_37,2
2019,EASTERN,38,2019_38,1
2019,EASTERN,39,2019_39,4
2019,EASTERN,40,2019_40,2
2019,EASTERN,41,2019_41,5
2019,EASTERN,42,2019_42,0
2019,EASTERN,43,2019_43,0
2019,EASTERN,44,2019_44,2
2019,EASTERN,45,2019_45,1
2019,EASTERN,46,2019_46,0
2019,EASTERN,47,2019_47,2
2019,EASTERN,48,2019_48,0
2019,EASTERN,49,2019_49,2
2019,EASTERN,50,2019_50,1
2019,EASTERN,51,2019_51,1
2019,EASTERN,52,2019_52,0
2020,EASTERN,1,2020_1,0
2020,EASTERN,2,2020_2,1
2020,EASTERN,3,2020_3,1
2020,EASTERN,4,2020_4,0
2020,EASTERN,5,2020_5,0
2020,EASTERN,6,2020_6,0
2020,EASTERN,7,2020_7,1
2020,EASTERN,8,2020_8,1
2020,EASTERN,9,2020_9,1
2020,EASTERN,10,2020_10,0
2020,EASTERN,11,2020_11,1
2020,EASTERN,12,2020_12,0
2020,EASTERN,13,2020_13,2
2020,EASTERN,14,2020_14,0
2020,EASTERN,15,2020_15,1
2020,EASTERN,16,2020_16,0
2020,EASTERN,17,2020_17,0
2020,EASTERN,18,2020_18,0
2020,EASTERN,19,2020_19,3
2020,EASTERN,20,2020_20,1
2020,EASTERN,21,2020_21,2
2020,EASTERN,22,2020_22,0
2020,EASTERN,23,2020_23,0
2014,NORTHERN,1,2014_1,1
2014,NORTHERN,2,2014_2,2
2014,NORTHERN,3,2014_3,1
2014,NORTHERN,4,2014_4,0
2014,NORTHERN,5,2014_5,1
2014,NORTHERN,6,2014_6,0
2014,NORTHERN,7,2014_7,1
2014,NORTHERN,8,2014_8,0
2014,NORTHERN,9,2014_9,0
2014,NORTHERN,10,2014_10,0
2014,NORTHERN,11,2014_11,0
2014,NORTHERN,12,2014_12,0
2014,NORTHERN,13,2014_13,0
2014,NORTHERN,14,2014_14,0
2014,NORTHERN,15,2014_15,0
2014,NORTHERN,16,2014_16,1
2014,NORTHERN,17,2014_17,0
2014,NORTHERN,18,2014_18,0
2014,NORTHERN,19,2014_19,0
2014,NORTHERN,20,2014_20,0
2014,NORTHERN,21,2014_21,1
2014,NORTHERN,22,2014_22,0
2014,NORTHERN,23,2014_23,1
2014,NORTHERN,24,2014_24,0
2014,NORTHERN,25,2014_25,0
2014,NORTHERN,26,2014_26,0
2014,NORTHERN,27,2014_27,0
2014,NORTHERN,28,2014_28,0
2014,NORTHERN,29,2014_29,0
2014,NORTHERN,30,2014_30,0
2014,NORTHERN,31,2014_31,2
2014,NORTHERN,32,2014_32,0
2014,NORTHERN,33,2014_33,0
2014,NORTHERN,34,2014_34,2
2014,NORTHERN,35,2014_35,1
2014,NORTHERN,36,2014_36,0
2014,NORTHERN,37,2014_37,0
2014,NORTHERN,38,2014_38,0
2014,NORTHERN,39,2014_39,1
2014,NORTHERN,40,2014_40,0
2014,NORTHERN,41,2014_41,0
2014,NORTHERN,42,2014_42,0
2014,NORTHERN,43,2014_43,0
2014,NORTHERN,44,2014_44,0
2014,NORTHERN,45,2014_45,0
2014,NORTHERN,46,2014_46,0
2014,NORTHERN,47,2014_47,1
2014,NORTHERN,48,2014_48,0
2014,NORTHERN,49,2014_49,0
2014,NORTHERN,50,2014_50,0
2014,NORTHERN,51,2014_51,0
2014,NORTHERN,52,2014_52,0
2015,NORTHERN,1,2015_1,1
2015,NORTHERN,2,2015_2,0
2015,NORTHERN,3,2015_3,0
2015,NORTHERN,4,2015_4,0
2015,NORTHERN,5,2015_5,0
2015,NORTHERN,6,2015_6,0
2015,NORTHERN,7,2015_7,0
2015,NORTHERN,8,2015_8,0
2015,NORTHERN,9,2015_9,0
2015,NORTHERN,10,2015_10,1
2015,NORTHERN,11,2015_11,1
2015,NORTHERN,12,2015_12,0
2015,NORTHERN,13,2015_13,0
2015,NORTHERN,14,2015_14,0
2015,NORTHERN,15,2015_15,0
2015,NORTHERN,16,2015_16,2
2015,NORTHERN,17,2015_17,0
2015,NORTHERN,18,2015_18,0
2015,NORTHERN,19,2015_19,0
2015,NORTHERN,20,2015_20,2
2015,NORTHERN,21,2015_21,0
2015,NORTHERN,22,2015_22,1
2015,NORTHERN,23,2015_23,1
2015,NORTHERN,24,2015_24,1
2015,NORTHERN,25,2015_25,0
2015,NORTHERN,26,2015_26,0
2015,NORTHERN,27,2015_27,0
2015,NORTHERN,28,2015_28,1
2015,NORTHERN,29,2015_29,0
2015,NORTHERN,30,2015_30,1
2015,NORTHERN,31,2015_31,0
2015,NORTHERN,32,2015_32,1
2015,NORTHERN,33,2015_33,0
2015,NORTHERN,34,2015_34,0
2015,NORTHERN,35,2015_35,0
2015,NORTHERN,36,2015_36,1
2015,NORTHERN,37,2015_37,0
2015,NORTHERN,38,2015_38,0
2015,NORTHERN,39,2015_39,1
2015,NORTHERN,40,2015_40,0
2015,NORTHERN,41,2015_41,0
2015,NORTHERN,42,2015_42,0
2015,NORTHERN,43,2015_43,0
2015,NORTHERN,44,2015_44,0
2015,NORTHERN,45,2015_45,0
2015,NORTHERN,46,2015_46,0
2015,NORTHERN,47,2015_47,0
2015,NORTHERN,48,2015_48,0
2015,NORTHERN,49,2015_49,2
2015,NORTHERN,50,2015_50,1
2015,NORTHERN,51,2015_51,0
2015,NORTHERN,52,2015_52,0
2015,NORTHERN,53,2015_53,0
2016,NORTHERN,1,2016_1,1
2016,NORTHERN,2,2016_2,0
2016,NORTHERN,3,2016_3,0
2016,NORTHERN,4,2016_4,0
2016,NORTHERN,5,2016_5,0
2016,NORTHERN,6,2016_6,0
2016,NORTHERN,7,2016_7,0
2016,NORTHERN,8,2016_8,0
2016,NORTHERN,9,2016_9,0
2016,NORTHERN,10,2016_10,1
2016,NORTHERN,11,2016_11,0
2016,NORTHERN,12,2016_12,0
2016,NORTHERN,13,2016_13,0
2016,NORTHERN,14,2016_14,0
2016,NORTHERN,15,2016_15,0
2016,NORTHERN,16,2016_16,0
2016,NORTHERN,17,2016_17,0
2016,NORTHERN,18,2016_18,0
2016,NORTHERN,19,2016_19,0
2016,NORTHERN,20,2016_20,0
2016,NORTHERN,21,2016_21,1
2016,NORTHERN,22,2016_22,0
2016,NORTHERN,23,2016_23,1
2016,NORTHERN,24,2016_24,0
2016,NORTHERN,25,2016_25,1
2016,NORTHERN,26,2016_26,0
2016,NORTHERN,27,2016_27,1
2016,NORTHERN,28,2016_28,0
2016,NORTHERN,29,2016_29,1
2016,NORTHERN,30,2016_30,1
2016,NORTHERN,31,2016_31,1
2016,NORTHERN,32,2016_32,1
2016,NORTHERN,33,2016_33,0
2016,NORTHERN,34,2016_34,0
2016,NORTHERN,35,2016_35,0
2016,NORTHERN,36,2016_36,1
2016,NORTHERN,37,2016_37,0
2016,NORTHERN,38,2016_38,0
2016,NORTHERN,39,2016_39,0
2016,NORTHERN,40,2016_40,0
2016,NORTHERN,41,2016_41,0
2016,NORTHERN,42,2016_42,1
2016,NORTHERN,43,2016_43,1
2016,NORTHERN,44,2016_44,0
2016,NORTHERN,45,2016_45,0
2016,NORTHERN,46,2016_46,2
2016,NORTHERN,47,2016_47,0
2016,NORTHERN,48,2016_48,0
2016,NORTHERN,49,2016_49,1
2016,NORTHERN,50,2016_50,1
2016,NORTHERN,51,2016_51,0
2016,NORTHERN,52,2016_52,0
2017,NORTHERN,1,2017_1,0
2017,NORTHERN,2,2017_2,1
2017,NORTHERN,3,2017_3,1
2017,NORTHERN,4,2017_4,1
2017,NORTHERN,5,2017_5,0
2017,NORTHERN,6,2017_6,0
2017,NORTHERN,7,2017_7,0
2017,NORTHERN,8,2017_8,0
2017,NORTHERN,9,2017_9,0
2017,NORTHERN,10,2017_10,0
2017,NORTHERN,11,2017_11,3
2017,NORTHERN,12,2017_12,1
2017,NORTHERN,13,2017_13,0
2017,NORTHERN,14,2017_14,0
2017,NORTHERN,15,2017_15,0
2017,NORTHERN,16,2017_16,0
2017,NORTHERN,17,2017_17,0
2017,NORTHERN,18,2017_18,3
2017,NORTHERN,19,2017_19,0
2017,NORTHERN,20,2017_20,2
2017,NORTHERN,21,2017_21,1
2017,NORTHERN,22,2017_22,0
2017,NORTHERN,23,2017_23,0
2017,NORTHERN,24,2017_24,0
2017,NORTHERN,25,2017_25,0
2017,NORTHERN,26,2017_26,0
2017,NORTHERN,27,2017_27,1
2017,NORTHERN,28,2017_28,0
2017,NORTHERN,29,2017_29,1
2017,NORTHERN,30,2017_30,2
2017,NORTHERN,31,2017_31,0
2017,NORTHERN,32,2017_32,1
2017,NORTHERN,33,2017_33,0
2017,NORTHERN,34,2017_34,0
2017,NORTHERN,35,2017_35,2
2017,NORTHERN,36,2017_36,0
2017,NORTHERN,37,2017_37,0
2017,NORTHERN,38,2017_38,0
2017,NORTHERN,39,2017_39,0
2017,NORTHERN,40,2017_40,1
2017,NORTHERN,41,2017_41,0
2017,NORTHERN,42,2017_42,0
2017,NORTHERN,43,2017_43,1
2017,NORTHERN,44,2017_44,0
2017,NORTHERN,45,2017_45,0
2017,NORTHERN,46,2017_46,0
2017,NORTHERN,47,2017_47,0
2017,NORTHERN,48,2017_48,1
2017,NORTHERN,49,2017_49,1
2017,NORTHERN,50,2017_50,0
2017,NORTHERN,51,2017_51,0
2017,NORTHERN,52,2017_52,1
2018,NORTHERN,1,2018_1,3
2018,NORTHERN,2,2018_2,0
2018,NORTHERN,3,2018_3,0
2018,NORTHERN,4,2018_4,0
2018,NORTHERN,5,2018_5,0
2018,NORTHERN,6,2018_6,0
2018,NORTHERN,7,2018_7,1
2018,NORTHERN,8,2018_8,0
2018,NORTHERN,9,2018_9,2
2018,NORTHERN,10,2018_10,0
2018,NORTHERN,11,2018_11,0
2018,NORTHERN,12,2018_12,0
2018,NORTHERN,13,2018_13,2
2018,NORTHERN,14,2018_14,0
2018,NORTHERN,15,2018_15,0
2018,NORTHERN,16,2018_16,1
2018,NORTHERN,17,2018_17,1
2018,NORTHERN,18,2018_18,2
2018,NORTHERN,19,2018_19,0
2018,NORTHERN,20,2018_20,1
2018,NORTHERN,21,2018_21,0
2018,NORTHERN,22,2018_22,0
2018,NORTHERN,23,2018_23,0
2018,NORTHERN,24,2018_24,0
2018,NORTHERN,25,2018_25,0
2018,NORTHERN,26,2018_26,0
2018,NORTHERN,27,2018_27,0
2018,NORTHERN,28,2018_28,1
2018,NORTHERN,29,2018_29,0
2018,NORTHERN,30,2018_30,0
2018,NORTHERN,31,2018_31,0
2018,NORTHERN,32,2018_32,0
2018,NORTHERN,33,2018_33,0
2018,NORTHERN,34,2018_34,0
2018,NORTHERN,35,2018_35,0
2018,NORTHERN,36,2018_36,1
2018,NORTHERN,37,2018_37,0
2018,NORTHERN,38,2018_38,0
2018,NORTHERN,39,2018_39,2
2018,NORTHERN,40,2018_40,1
2018,NORTHERN,41,2018_41,0
2018,NORTHERN,42,2018_42,0
2018,NORTHERN,43,2018_43,0
2018,NORTHERN,44,2018_44,0
2018,NORTHERN,45,2018_45,1
2018,NORTHERN,46,2018_46,1
2018,NORTHERN,47,2018_47,1
2018,NORTHERN,48,2018_48,0
2018,NORTHERN,49,2018_49,0
2018,NORTHERN,50,2018_50,0
2018,NORTHERN,51,2018_51,1
2018,NORTHERN,52,2018_52,0
2019,NORTHERN,1,2019_1,3
2019,NORTHERN,2,2019_2,0
2019,NORTHERN,3,2019_3,1
2019,NORTHERN,4,2019_4,1
2019,NORTHERN,5,2019_5,0
2019,NORTHERN,6,2019_6,1
2019,NORTHERN,7,2019_7,0
2019,NORTHERN,8,2019_8,0
2019,NORTHERN,9,2019_9,0
2019,NORTHERN,10,2019_10,0
2019,NORTHERN,11,2019_11,0
2019,NORTHERN,12,2019_12,1
2019,NORTHERN,13,2019_13,0
2019,NORTHERN,14,2019_14,0
2019,NORTHERN,15,2019_15,1
2019,NORTHERN,16,2019_16,0
2019,NORTHERN,17,2019_17,0
2019,NORTHERN,18,2019_18,0
2019,NORTHERN,19,2019_19,0
2019,NORTHERN,20,2019_20,0
2019,NORTHERN,21,2019_21,1
2019,NORTHERN,22,2019_22,1
2019,NORTHERN,23,2019_23,0
2019,NORTHERN,24,2019_24,0
2019,NORTHERN,25,2019_25,0
2019,NORTHERN,26,2019_26,0
2019,NORTHERN,27,2019_27,1
2019,NORTHERN,28,2019_28,3
2019,NORTHERN,29,2019_29,1
2019,NORTHERN,30,2019_30,0
2019,NORTHERN,31,2019_31,0
2019,NORTHERN,32,2019_32,2
2019,NORTHERN,33,2019_33,0
2019,NORTHERN,34,2019_34,0
2019,NORTHERN,35,2019_35,0
2019,NORTHERN,36,2019_36,0
2019,NORTHERN,37,2019_37,1
2019,NORTHERN,38,2019_38,1
2019,NORTHERN,39,2019_39,0
2019,NORTHERN,40,2019_40,0
2019,NORTHERN,41,2019_41,0
2019,NORTHERN,42,2019_42,0
2019,NORTHERN,43,2019_43,0
2019,NORTHERN,44,2019_44,0
2019,NORTHERN,45,2019_45,1
2019,NORTHERN,46,2019_46,0
2019,NORTHERN,47,2019_47,0
2019,NORTHERN,48,2019_48,0
2019,NORTHERN,49,2019_49,0
2019,NORTHERN,50,2019_50,1
2019,NORTHERN,51,2019_51,2
2019,NORTHERN,52,2019_52,0
2020,NORTHERN,1,2020_1,0
2020,NORTHERN,2,2020_2,1
2020,NORTHERN,3,2020_3,1
2020,NORTHERN,4,2020_4,0
2020,NORTHERN,5,2020_5,0
2020,NORTHERN,6,2020_6,0
2020,NORTHERN,7,2020_7,1
2020,NORTHERN,8,2020_8,0
2020,NORTHERN,9,2020_9,0
2020,NORTHERN,10,2020_10,0
2020,NORTHERN,11,2020_11,0
2020,NORTHERN,12,2020_12,1
2020,NORTHERN,13,2020_13,0
2020,NORTHERN,14,2020_14,2
2020,NORTHERN,15,2020_15,0
2020,NORTHERN,16,2020_16,0
2020,NORTHERN,17,2020_17,1
2020,NORTHERN,18,2020_18,0
2020,NORTHERN,19,2020_19,0
2020,NORTHERN,20,2020_20,1
2020,NORTHERN,21,2020_21,0
2020,NORTHERN,22,2020_22,0
2020,NORTHERN,23,2020_23,1
2014,SOUTHERN,1,2014_1,1
2014,SOUTHERN,2,2014_2,0
2014,SOUTHERN,3,2014_3,0
2014,SOUTHERN,4,2014_4,0
2014,SOUTHERN,5,2014_5,2
2014,SOUTHERN,6,2014_6,0
2014,SOUTHERN,7,2014_7,0
2014,SOUTHERN,8,2014_8,0
2014,SOUTHERN,9,2014_9,1
2014,SOUTHERN,10,2014_10,0
2014,SOUTHERN,11,2014_11,0
2014,SOUTHERN,12,2014_12,0
2014,SOUTHERN,13,2014_13,1
2014,SOUTHERN,14,2014_14,1
2014,SOUTHERN,15,2014_15,0
2014,SOUTHERN,16,2014_16,0
2014,SOUTHERN,17,2014_17,1
2014,SOUTHERN,18,2014_18,1
2014,SOUTHERN,19,2014_19,1
2014,SOUTHERN,20,2014_20,0
2014,SOUTHERN,21,2014_21,0
2014,SOUTHERN,22,2014_22,2
2014,SOUTHERN,23,2014_23,0
2014,SOUTHERN,24,2014_24,0
2014,SOUTHERN,25,2014_25,1
2014,SOUTHERN,26,2014_26,1
2014,SOUTHERN,27,2014_27,0
2014,SOUTHERN,28,2014_28,0
2014,SOUTHERN,29,2014_29,1
2014,SOUTHERN,30,2014_30,0
2014,SOUTHERN,31,2014_31,0
2014,SOUTHERN,32,2014_32,1
2014,SOUTHERN,33,2014_33,0
2014,SOUTHERN,34,2014_34,1
2014,SOUTHERN,35,2014_35,0
2014,SOUTHERN,36,2014_36,0
2014,SOUTHERN,37,2014_37,0
2014,SOUTHERN,38,2014_38,0
2014,SOUTHERN,39,2014_39,0
2014,SOUTHERN,40,2014_40,0
2014,SOUTHERN,41,2014_41,0
2014,SOUTHERN,42,2014_42,0
2014,SOUTHERN,43,2014_43,0
2014,SOUTHERN,44,2014_44,0
2014,SOUTHERN,45,2014_45,1
2014,SOUTHERN,46,2014_46,0
2014,SOUTHERN,47,2014_47,0
2014,SOUTHERN,48,2014_48,0
2014,SOUTHERN,49,2014_49,0
2014,SOUTHERN,50,2014_50,0
2014,SOUTHERN,51,2014_51,0
2014,SOUTHERN,52,2014_52,1
2015,SOUTHERN,1,2015_1,0
2015,SOUTHERN,2,2015_2,0
2015,SOUTHERN,3,2015_3,0
2015,SOUTHERN,4,2015_4,0
2015,SOUTHERN,5,2015_5,1
2015,SOUTHERN,6,2015_6,0
2015,SOUTHERN,7,2015_7,0
2015,SOUTHERN,8,2015_8,0
2015,SOUTHERN,9,2015_9,0
2015,SOUTHERN,10,2015_10,0
2015,SOUTHERN,11,2015_11,0
2015,SOUTHERN,12,2015_12,0
2015,SOUTHERN,13,2015_13,1
2015,SOUTHERN,14,2015_14,0
2015,SOUTHERN,15,2015_15,2
2015,SOUTHERN,16,2015_16,0
2015,SOUTHERN,17,2015_17,1
2015,SOUTHERN,18,2015_18,2
2015,SOUTHERN,19,2015_19,1
2015,SOUTHERN,20,2015_20,0
2015,SOUTHERN,21,2015_21,1
2015,SOUTHERN,22,2015_22,1
2015,SOUTHERN,23,2015_23,1
2015,SOUTHERN,24,2015_24,0
2015,SOUTHERN,25,2015_25,0
2015,SOUTHERN,26,2015_26,0
2015,SOUTHERN,27,2015_27,1
2015,SOUTHERN,28,2015_28,1
2015,SOUTHERN,29,2015_29,0
2015,SOUTHERN,30,2015_30,0
2015,SOUTHERN,31,2015_31,2
2015,SOUTHERN,32,2015_32,0
2015,SOUTHERN,33,2015_33,0
2015,SOUTHERN,34,2015_34,0
2015,SOUTHERN,35,2015_35,0
2015,SOUTHERN,36,2015_36,1
2015,SOUTHERN,37,2015_37,0
2015,SOUTHERN,38,2015_38,0
2015,SOUTHERN,39,2015_39,1
2015,SOUTHERN,40,2015_40,1
2015,SOUTHERN,41,2015_41,1
2015,SOUTHERN,42,2015_42,1
2015,SOUTHERN,43,2015_43,1
2015,SOUTHERN,44,2015_44,0
2015,SOUTHERN,45,2015_45,1
2015,SOUTHERN,46,2015_46,1
2015,SOUTHERN,47,2015_47,1
2015,SOUTHERN,48,2015_48,1
2015,SOUTHERN,49,2015_49,2
2015,SOUTHERN,50,2015_50,0
2015,SOUTHERN,51,2015_51,0
2015,SOUTHERN,52,2015_52,0
2015,SOUTHERN,53,2015_53,0
2016,SOUTHERN,1,2016_1,0
2016,SOUTHERN,2,2016_2,0
2016,SOUTHERN,3,2016_3,1
2016,SOUTHERN,4,2016_4,0
2016,SOUTHERN,5,2016_5,0
2016,SOUTHERN,6,2016_6,0
2016,SOUTHERN,7,2016_7,0
2016,SOUTHERN,8,2016_8,1
2016,SOUTHERN,9,2016_9,0
2016,SOUTHERN,10,2016_10,0
2016,SOUTHERN,11,2016_11,0
2016,SOUTHERN,12,2016_12,1
2016,SOUTHERN,13,2016_13,0
2016,SOUTHERN,14,2016_14,0
2016,SOUTHERN,15,2016_15,2
2016,SOUTHERN,16,2016_16,0
2016,SOUTHERN,17,2016_17,0
2016,SOUTHERN,18,2016_18,2
2016,SOUTHERN,19,2016_19,0
2016,SOUTHERN,20,2016_20,0
2016,SOUTHERN,21,2016_21,1
2016,SOUTHERN,22,2016_22,0
2016,SOUTHERN,23,2016_23,3
2016,SOUTHERN,24,2016_24,0
2016,SOUTHERN,25,2016_25,0
2016,SOUTHERN,26,2016_26,0
2016,SOUTHERN,27,2016_27,1
2016,SOUTHERN,28,2016_28,2
2016,SOUTHERN,29,2016_29,0
2016,SOUTHERN,30,2016_30,1
2016,SOUTHERN,31,2016_31,0
2016,SOUTHERN,32,2016_32,1
2016,SOUTHERN,33,2016_33,2
2016,SOUTHERN,34,2016_34,2
2016,SOUTHERN,35,2016_35,0
2016,SOUTHERN,36,2016_36,0
2016,SOUTHERN,37,2016_37,0
2016,SOUTHERN,38,2016_38,1
2016,SOUTHERN,39,2016_39,0
2016,SOUTHERN,40,2016_40,1
2016,SOUTHERN,41,2016_41,1
2016,SOUTHERN,42,2016_42,1
2016,SOUTHERN,43,2016_43,0
2016,SOUTHERN,44,2016_44,0
2016,SOUTHERN,45,2016_45,2
2016,SOUTHERN,46,2016_46,0
2016,SOUTHERN,47,2016_47,0
2016,SOUTHERN,48,2016_48,0
2016,SOUTHERN,49,2016_49,0
2016,SOUTHERN,50,2016_50,2
2016,SOUTHERN,51,2016_51,2
2016,SOUTHERN,52,2016_52,0
2017,SOUTHERN,1,2017_1,1
2017,SOUTHERN,2,2017_2,1
2017,SOUTHERN,3,2017_3,1
2017,SOUTHERN,4,2017_4,2
2017,SOUTHERN,5,2017_5,3
2017,SOUTHERN,6,2017_6,1
2017,SOUTHERN,7,2017_7,1
2017,SOUTHERN,8,2017_8,1
2017,SOUTHERN,9,2017_9,0
2017,SOUTHERN,10,2017_10,2
2017,SOUTHERN,11,2017_11,0
2017,SOUTHERN,12,2017_12,0
2017,SOUTHERN,13,2017_13,0
2017,SOUTHERN,14,2017_14,0
2017,SOUTHERN,15,2017_15,2
2017,SOUTHERN,16,2017_16,1
2017,SOUTHERN,17,2017_17,2
2017,SOUTHERN,18,2017_18,0
2017,SOUTHERN,19,2017_19,0
2017,SOUTHERN,20,2017_20,1
2017,SOUTHERN,21,2017_21,1
2017,SOUTHERN,22,2017_22,1
2017,SOUTHERN,23,2017_23,0
2017,SOUTHERN,24,2017_24,0
2017,SOUTHERN,25,2017_25,0
2017,SOUTHERN,26,2017_26,0
2017,SOUTHERN,27,2017_27,0
2017,SOUTHERN,28,2017_28,1
2017,SOUTHERN,29,2017_29,0
2017,SOUTHERN,30,2017_30,1
2017,SOUTHERN,31,2017_31,1
2017,SOUTHERN,32,2017_32,0
2017,SOUTHERN,33,2017_33,0
2017,SOUTHERN,34,2017_34,0
2017,SOUTHERN,35,2017_35,0
2017,SOUTHERN,36,2017_36,1
2017,SOUTHERN,37,2017_37,1
2017,SOUTHERN,38,2017_38,0
2017,SOUTHERN,39,2017_39,0
2017,SOUTHERN,40,2017_40,0
2017,SOUTHERN,41,2017_41,0
2017,SOUTHERN,42,2017_42,1
2017,SOUTHERN,43,2017_43,0
2017,SOUTHERN,44,2017_44,0
2017,SOUTHERN,45,2017_45,0
2017,SOUTHERN,46,2017_46,1
2017,SOUTHERN,47,2017_47,1
2017,SOUTHERN,48,2017_48,2
2017,SOUTHERN,49,2017_49,0
2017,SOUTHERN,50,2017_50,0
2017,SOUTHERN,51,2017_51,0
2017,SOUTHERN,52,2017_52,1
2018,SOUTHERN,1,2018_1,1
2018,SOUTHERN,2,2018_2,1
2018,SOUTHERN,3,2018_3,0
2018,SOUTHERN,4,2018_4,1
2018,SOUTHERN,5,2018_5,0
2018,SOUTHERN,6,2018_6,0
2018,SOUTHERN,7,2018_7,0
2018,SOUTHERN,8,2018_8,0
2018,SOUTHERN,9,2018_9,1
2018,SOUTHERN,10,2018_10,1
2018,SOUTHERN,11,2018_11,0
2018,SOUTHERN,12,2018_12,1
2018,SOUTHERN,13,2018_13,0
2018,SOUTHERN,14,2018_14,0
2018,SOUTHERN,15,2018_15,2
2018,SOUTHERN,16,2018_16,3
2018,SOUTHERN,17,2018_17,1
2018,SOUTHERN,18,2018_18,1
2018,SOUTHERN,19,2018_19,1
2018,SOUTHERN,20,2018_20,2
2018,SOUTHERN,21,2018_21,0
2018,SOUTHERN,22,2018_22,1
2018,SOUTHERN,23,2018_23,0
2018,SOUTHERN,24,2018_24,1
2018,SOUTHERN,25,2018_25,1
2018,SOUTHERN,26,2018_26,0
2018,SOUTHERN,27,2018_27,2
2018,SOUTHERN,28,2018_28,1
2018,SOUTHERN,29,2018_29,1
2018,SOUTHERN,30,2018_30,1
2018,SOUTHERN,31,2018_31,3
2018,SOUTHERN,32,2018_32,0
2018,SOUTHERN,33,2018_33,2
2018,SOUTHERN,34,2018_34,1
2018,SOUTHERN,35,2018_35,0
2018,SOUTHERN,36,2018_36,1
2018,SOUTHERN,37,2018_37,1
2018,SOUTHERN,38,2018_38,0
2018,SOUTHERN,39,2018_39,3
2018,SOUTHERN,40,2018_40,0
2018,SOUTHERN,41,2018_41,0
2018,SOUTHERN,42,2018_42,0
2018,SOUTHERN,43,2018_43,0
2018,SOUTHERN,44,2018_44,1
2018,SOUTHERN,45,2018_45,0
2018,SOUTHERN,46,2018_46,0
2018,SOUTHERN,47,2018_47,0
2018,SOUTHERN,48,2018_48,0
2018,SOUTHERN,49,2018_49,1
2018,SOUTHERN,50,2018_50,1
2018,SOUTHERN,51,2018_51,0
2018,SOUTHERN,52,2018_52,0
2019,SOUTHERN,1,2019_1,2
2019,SOUTHERN,2,2019_2,1
2019,SOUTHERN,3,2019_3,1
2019,SOUTHERN,4,2019_4,1
2019,SOUTHERN,5,2019_5,0
2019,SOUTHERN,6,2019_6,0
2019,SOUTHERN,7,2019_7,0
2019,SOUTHERN,8,2019_8,0
2019,SOUTHERN,9,2019_9,1
2019,SOUTHERN,10,2019_10,0
2019,SOUTHERN,11,2019_11,0
2019,SOUTHERN,12,2019_12,0
2019,SOUTHERN,13,2019_13,0
2019,SOUTHERN,14,2019_14,0
2019,SOUTHERN,15,2019_15,0
2019,SOUTHERN,16,2019_16,0
2019,SOUTHERN,17,2019_17,0
2019,SOUTHERN,18,2019_18,4
2019,SOUTHERN,19,2019_19,0
2019,SOUTHERN,20,2019_20,0
2019,SOUTHERN,21,2019_21,0
2019,SOUTHERN,22,2019_22,0
2019,SOUTHERN,23,2019_23,1
2019,SOUTHERN,24,2019_24,0
2019,SOUTHERN,25,2019_25,1
2019,SOUTHERN,26,2019_26,1
2019,SOUTHERN,27,2019_27,0
2019,SOUTHERN,28,2019_28,0
2019,SOUTHERN,29,2019_29,0
2019,SOUTHERN,30,2019_30,1
2019,SOUTHERN,31,2019_31,0
2019,SOUTHERN,32,2019_32,0
2019,SOUTHERN,33,2019_33,0
2019,SOUTHERN,34,2019_34,0
2019,SOUTHERN,35,2019_35,0
2019,SOUTHERN,36,2019_36,1
2019,SOUTHERN,37,2019_37,1
2019,SOUTHERN,38,2019_38,1
2019,SOUTHERN,39,2019_39,1
2019,SOUTHERN,40,2019_40,0
2019,SOUTHERN,41,2019_41,2
2019,SOUTHERN,42,2019_42,2
2019,SOUTHERN,43,2019_43,0
2019,SOUTHERN,44,2019_44,0
2019,SOUTHERN,45,2019_45,2
2019,SOUTHERN,46,2019_46,2
2019,SOUTHERN,47,2019_47,0
2019,SOUTHERN,48,2019_48,1
2019,SOUTHERN,49,2019_49,1
2019,SOUTHERN,50,2019_50,0
2019,SOUTHERN,51,2019_51,0
2019,SOUTHERN,52,2019_52,1
2020,SOUTHERN,1,2020_1,0
2020,SOUTHERN,2,2020_2,0
2020,SOUTHERN,3,2020_3,1
2020,SOUTHERN,4,2020_4,0
2020,SOUTHERN,5,2020_5,0
2020,SOUTHERN,6,2020_6,1
2020,SOUTHERN,7,2020_7,3
2020,SOUTHERN,8,2020_8,0
2020,SOUTHERN,9,2020_9,0
2020,SOUTHERN,10,2020_10,0
2020,SOUTHERN,11,2020_11,1
2020,SOUTHERN,12,2020_12,0
2020,SOUTHERN,13,2020_13,2
2020,SOUTHERN,14,2020_14,1
2020,SOUTHERN,15,2020_15,3
2020,SOUTHERN,16,2020_16,0
2020,SOUTHERN,17,2020_17,0
2020,SOUTHERN,18,2020_18,1
2020,SOUTHERN,19,2020_19,3
2020,SOUTHERN,20,2020_20,0
2020,SOUTHERN,21,2020_21,0
2020,SOUTHERN,22,2020_22,1
2020,SOUTHERN,23,2020_23,0
2014,SOUTHWEST,1,2014_1,2
2014,SOUTHWEST,2,2014_2,2
2014,SOUTHWEST,3,2014_3,0
2014,SOUTHWEST,4,2014_4,0
2014,SOUTHWEST,5,2014_5,1
2014,SOUTHWEST,6,2014_6,0
2014,SOUTHWEST,7,2014_7,0
2014,SOUTHWEST,8,2014_8,0
2014,SOUTHWEST,9,2014_9,1
2014,SOUTHWEST,10,2014_10,1
2014,SOUTHWEST,11,2014_11,0
2014,SOUTHWEST,12,2014_12,0
2014,SOUTHWEST,13,2014_13,0
2014,SOUTHWEST,14,2014_14,0
2014,SOUTHWEST,15,2014_15,0
2014,SOUTHWEST,16,2014_16,0
2014,SOUTHWEST,17,2014_17,0
2014,SOUTHWEST,18,2014_18,0
2014,SOUTHWEST,19,2014_19,2
2014,SOUTHWEST,20,2014_20,0
2014,SOUTHWEST,21,2014_21,2
2014,SOUTHWEST,22,2014_22,1
2014,SOUTHWEST,23,2014_23,0
2014,SOUTHWEST,24,2014_24,0
2014,SOUTHWEST,25,2014_25,1
2014,SOUTHWEST,26,2014_26,2
2014,SOUTHWEST,27,2014_27,1
2014,SOUTHWEST,28,2014_28,0
2014,SOUTHWEST,29,2014_29,1
2014,SOUTHWEST,30,2014_30,0
2014,SOUTHWEST,31,2014_31,1
2014,SOUTHWEST,32,2014_32,0
2014,SOUTHWEST,33,2014_33,1
2014,SOUTHWEST,34,2014_34,0
2014,SOUTHWEST,35,2014_35,0
2014,SOUTHWEST,36,2014_36,1
2014,SOUTHWEST,37,2014_37,1
2014,SOUTHWEST,38,2014_38,0
2014,SOUTHWEST,39,2014_39,0
2014,SOUTHWEST,40,2014_40,0
2014,SOUTHWEST,41,2014_41,0
2014,SOUTHWEST,42,2014_42,0
2014,SOUTHWEST,43,2014_43,0
2014,SOUTHWEST,44,2014_44,1
2014,SOUTHWEST,45,2014_45,2
2014,SOUTHWEST,46,2014_46,1
2014,SOUTHWEST,47,2014_47,0
2014,SOUTHWEST,48,2014_48,0
2014,SOUTHWEST,49,2014_49,1
2014,SOUTHWEST,50,2014_50,1
2014,SOUTHWEST,51,2014_51,0
2014,SOUTHWEST,52,2014_52,1
2015,SOUTHWEST,1,2015_1,1
2015,SOUTHWEST,2,2015_2,0
2015,SOUTHWEST,3,2015_3,2
2015,SOUTHWEST,4,2015_4,0
2015,SOUTHWEST,5,2015_5,1
2015,SOUTHWEST,6,2015_6,0
2015,SOUTHWEST,7,2015_7,1
2015,SOUTHWEST,8,2015_8,0
2015,SOUTHWEST,9,2015_9,1
2015,SOUTHWEST,10,2015_10,0
2015,SOUTHWEST,11,2015_11,0
2015,SOUTHWEST,12,2015_12,0
2015,SOUTHWEST,13,2015_13,3
2015,SOUTHWEST,14,2015_14,1
2015,SOUTHWEST,15,2015_15,0
2015,SOUTHWEST,16,2015_16,1
2015,SOUTHWEST,17,2015_17,2
2015,SOUTHWEST,18,2015_18,1
2015,SOUTHWEST,19,2015_19,0
2015,SOUTHWEST,20,2015_20,1
2015,SOUTHWEST,21,2015_21,3
2015,SOUTHWEST,22,2015_22,0
2015,SOUTHWEST,23,2015_23,1
2015,SOUTHWEST,24,2015_24,1
2015,SOUTHWEST,25,2015_25,0
2015,SOUTHWEST,26,2015_26,1
2015,SOUTHWEST,27,2015_27,1
2015,SOUTHWEST,28,2015_28,2
2015,SOUTHWEST,29,2015_29,1
2015,SOUTHWEST,30,2015_30,1
2015,SOUTHWEST,31,2015_31,3
2015,SOUTHWEST,32,2015_32,0
2015,SOUTHWEST,33,2015_33,0
2015,SOUTHWEST,34,2015_34,2
2015,SOUTHWEST,35,2015_35,3
2015,SOUTHWEST,36,2015_36,2
2015,SOUTHWEST,37,2015_37,1
2015,SOUTHWEST,38,2015_38,0
2015,SOUTHWEST,39,2015_39,0
2015,SOUTHWEST,40,2015_40,1
2015,SOUTHWEST,41,2015_41,0
2015,SOUTHWEST,42,2015_42,0
2015,SOUTHWEST,43,2015_43,1
2015,SOUTHWEST,44,2015_44,0
2015,SOUTHWEST,45,2015_45,2
2015,SOUTHWEST,46,2015_46,2
2015,SOUTHWEST,47,2015_47,2
2015,SOUTHWEST,48,2015_48,1
2015,SOUTHWEST,49,2015_49,2
2015,SOUTHWEST,50,2015_50,0
2015,SOUTHWEST,51,2015_51,0
2015,SOUTHWEST,52,2015_52,0
2015,SOUTHWEST,53,2015_53,0
2016,SOUTHWEST,1,2016_1,0
2016,SOUTHWEST,2,2016_2,0
2016,SOUTHWEST,3,2016_3,1
2016,SOUTHWEST,4,2016_4,0
2016,SOUTHWEST,5,2016_5,1
2016,SOUTHWEST,6,2016_6,0
2016,SOUTHWEST,7,2016_7,2
2016,SOUTHWEST,8,2016_8,0
2016,SOUTHWEST,9,2016_9,0
2016,SOUTHWEST,10,2016_10,0
2016,SOUTHWEST,11,2016_11,0
2016,SOUTHWEST,12,2016_12,1
2016,SOUTHWEST,13,2016_13,0
2016,SOUTHWEST,14,2016_14,1
2016,SOUTHWEST,15,2016_15,1
2016,SOUTHWEST,16,2016_16,0
2016,SOUTHWEST,17,2016_17,1
2016,SOUTHWEST,18,2016_18,0
2016,SOUTHWEST,19,2016_19,0
2016,SOUTHWEST,20,2016_20,0
2016,SOUTHWEST,21,2016_21,1
2016,SOUTHWEST,22,2016_22,1
2016,SOUTHWEST,23,2016_23,1
2016,SOUTHWEST,24,2016_24,0
2016,SOUTHWEST,25,2016_25,0
2016,SOUTHWEST,26,2016_26,2
2016,SOUTHWEST,27,2016_27,0
2016,SOUTHWEST,28,2016_28,0
2016,SOUTHWEST,29,2016_29,1
2016,SOUTHWEST,30,2016_30,2
2016,SOUTHWEST,31,2016_31,1
2016,SOUTHWEST,32,2016_32,1
2016,SOUTHWEST,33,2016_33,2
2016,SOUTHWEST,34,2016_34,1
2016,SOUTHWEST,35,2016_35,1
2016,SOUTHWEST,36,2016_36,0
2016,SOUTHWEST,37,2016_37,0
2016,SOUTHWEST,38,2016_38,1
2016,SOUTHWEST,39,2016_39,1
2016,SOUTHWEST,40,2016_40,0
2016,SOUTHWEST,41,2016_41,3
2016,SOUTHWEST,42,2016_42,0
2016,SOUTHWEST,43,2016_43,1
2016,SOUTHWEST,44,2016_44,1
2016,SOUTHWEST,45,2016_45,1
2016,SOUTHWEST,46,2016_46,1
2016,SOUTHWEST,47,2016_47,2
2016,SOUTHWEST,48,2016_48,0
2016,SOUTHWEST,49,2016_49,0
2016,SOUTHWEST,50,2016_50,0
2016,SOUTHWEST,51,2016_51,0
2016,SOUTHWEST,52,2016_52,0
2017,SOUTHWEST,1,2017_1,1
2017,SOUTHWEST,2,2017_2,0
2017,SOUTHWEST,3,2017_3,0
2017,SOUTHWEST,4,2017_4,0
2017,SOUTHWEST,5,2017_5,0
2017,SOUTHWEST,6,2017_6,1
2017,SOUTHWEST,7,2017_7,1
2017,SOUTHWEST,8,2017_8,2
2017,SOUTHWEST,9,2017_9,0
2017,SOUTHWEST,10,2017_10,1
2017,SOUTHWEST,11,2017_11,1
2017,SOUTHWEST,12,2017_12,0
2017,SOUTHWEST,13,2017_13,0
2017,SOUTHWEST,14,2017_14,0
2017,SOUTHWEST,15,2017_15,0
2017,SOUTHWEST,16,2017_16,1
2017,SOUTHWEST,17,2017_17,1
2017,SOUTHWEST,18,2017_18,2
2017,SOUTHWEST,19,2017_19,1
2017,SOUTHWEST,20,2017_20,1
2017,SOUTHWEST,21,2017_21,0
2017,SOUTHWEST,22,2017_22,1
2017,SOUTHWEST,23,2017_23,1
2017,SOUTHWEST,24,2017_24,4
2017,SOUTHWEST,25,2017_25,0
2017,SOUTHWEST,26,2017_26,2
2017,SOUTHWEST,27,2017_27,0
2017,SOUTHWEST,28,2017_28,2
2017,SOUTHWEST,29,2017_29,3
2017,SOUTHWEST,30,2017_30,2
2017,SOUTHWEST,31,2017_31,1
2017,SOUTHWEST,32,2017_32,2
2017,SOUTHWEST,33,2017_33,1
2017,SOUTHWEST,34,2017_34,1
2017,SOUTHWEST,35,2017_35,1
2017,SOUTHWEST,36,2017_36,0
2017,SOUTHWEST,37,2017_37,1
2017,SOUTHWEST,38,2017_38,1
2017,SOUTHWEST,39,2017_39,0
2017,SOUTHWEST,40,2017_40,1
2017,SOUTHWEST,41,2017_41,0
2017,SOUTHWEST,42,2017_42,0
2017,SOUTHWEST,43,2017_43,0
2017,SOUTHWEST,44,2017_44,1
2017,SOUTHWEST,45,2017_45,0
2017,SOUTHWEST,46,2017_46,0
2017,SOUTHWEST,47,2017_47,1
2017,SOUTHWEST,48,2017_48,1
2017,SOUTHWEST,49,2017_49,0
2017,SOUTHWEST,50,2017_50,2
2017,SOUTHWEST,51,2017_51,1
2017,SOUTHWEST,52,2017_52,1
2018,SOUTHWEST,1,2018_1,0
2018,SOUTHWEST,2,2018_2,2
2018,SOUTHWEST,3,2018_3,1
2018,SOUTHWEST,4,2018_4,0
2018,SOUTHWEST,5,2018_5,1
2018,SOUTHWEST,6,2018_6,0
2018,SOUTHWEST,7,2018_7,1
2018,SOUTHWEST,8,2018_8,0
2018,SOUTHWEST,9,2018_9,0
2018,SOUTHWEST,10,2018_10,0
2018,SOUTHWEST,11,2018_11,0
2018,SOUTHWEST,12,2018_12,0
2018,SOUTHWEST,13,2018_13,0
2018,SOUTHWEST,14,2018_14,0
2018,SOUTHWEST,15,2018_15,4
2018,SOUTHWEST,16,2018_16,0
2018,SOUTHWEST,17,2018_17,1
2018,SOUTHWEST,18,2018_18,1
2018,SOUTHWEST,19,2018_19,1
2018,SOUTHWEST,20,2018_20,2
2018,SOUTHWEST,21,2018_21,0
2018,SOUTHWEST,22,2018_22,0
2018,SOUTHWEST,23,2018_23,0
2018,SOUTHWEST,24,2018_24,2
2018,SOUTHWEST,25,2018_25,1
2018,SOUTHWEST,26,2018_26,0
2018,SOUTHWEST,27,2018_27,2
2018,SOUTHWEST,28,2018_28,1
2018,SOUTHWEST,29,2018_29,3
2018,SOUTHWEST,30,2018_30,0
2018,SOUTHWEST,31,2018_31,1
2018,SOUTHWEST,32,2018_32,1
2018,SOUTHWEST,33,2018_33,2
2018,SOUTHWEST,34,2018_34,1
2018,SOUTHWEST,35,2018_35,1
2018,SOUTHWEST,36,2018_36,1
2018,SOUTHWEST,37,2018_37,1
2018,SOUTHWEST,38,2018_38,3
2018,SOUTHWEST,39,2018_39,2
2018,SOUTHWEST,40,2018_40,3
2018,SOUTHWEST,41,2018_41,0
2018,SOUTHWEST,42,2018_42,4
2018,SOUTHWEST,43,2018_43,0
2018,SOUTHWEST,44,2018_44,1
2018,SOUTHWEST,45,2018_45,1
2018,SOUTHWEST,46,2018_46,0
2018,SOUTHWEST,47,2018_47,0
2018,SOUTHWEST,48,2018_48,1
2018,SOUTHWEST,49,2018_49,1
2018,SOUTHWEST,50,2018_50,0
2018,SOUTHWEST,51,2018_51,0
2018,SOUTHWEST,52,2018_52,1
2019,SOUTHWEST,1,2019_1,1
2019,SOUTHWEST,2,2019_2,1
2019,SOUTHWEST,3,2019_3,1
2019,SOUTHWEST,4,2019_4,1
2019,SOUTHWEST,5,2019_5,1
2019,SOUTHWEST,6,2019_6,0
2019,SOUTHWEST,7,2019_7,0
2019,SOUTHWEST,8,2019_8,2
2019,SOUTHWEST,9,2019_9,1
2019,SOUTHWEST,10,2019_10,2
2019,SOUTHWEST,11,2019_11,0
2019,SOUTHWEST,12,2019_12,1
2019,SOUTHWEST,13,2019_13,2
2019,SOUTHWEST,14,2019_14,0
2019,SOUTHWEST,15,2019_15,1
2019,SOUTHWEST,16,2019_16,1
2019,SOUTHWEST,17,2019_17,3
2019,SOUTHWEST,18,2019_18,1
2019,SOUTHWEST,19,2019_19,3
2019,SOUTHWEST,20,2019_20,0
2019,SOUTHWEST,21,2019_21,1
2019,SOUTHWEST,22,2019_22,2
2019,SOUTHWEST,23,2019_23,0
2019,SOUTHWEST,24,2019_24,4
2019,SOUTHWEST,25,2019_25,1
2019,SOUTHWEST,26,2019_26,1
2019,SOUTHWEST,27,2019_27,2
2019,SOUTHWEST,28,2019_28,0
2019,SOUTHWEST,29,2019_29,2
2019,SOUTHWEST,30,2019_30,1
2019,SOUTHWEST,31,2019_31,1
2019,SOUTHWEST,32,2019_32,0
2019,SOUTHWEST,33,2019_33,2
2019,SOUTHWEST,34,2019_34,0
2019,SOUTHWEST,35,2019_35,1
2019,SOUTHWEST,36,2019_36,1
2019,SOUTHWEST,37,2019_37,0
2019,SOUTHWEST,38,2019_38,0
2019,SOUTHWEST,39,2019_39,0
2019,SOUTHWEST,40,2019_40,0
2019,SOUTHWEST,41,2019_41,0
2019,SOUTHWEST,42,2019_42,0
2019,SOUTHWEST,43,2019_43,0
2019,SOUTHWEST,44,2019_44,0
2019,SOUTHWEST,45,2019_45,1
2019,SOUTHWEST,46,2019_46,1
2019,SOUTHWEST,47,2019_47,1
2019,SOUTHWEST,48,2019_48,1
2019,SOUTHWEST,49,2019_49,1
2019,SOUTHWEST,50,2019_50,1
2019,SOUTHWEST,51,2019_51,0
2019,SOUTHWEST,52,2019_52,0
2020,SOUTHWEST,1,2020_1,0
2020,SOUTHWEST,2,2020_2,3
2020,SOUTHWEST,3,2020_3,0
2020,SOUTHWEST,4,2020_4,0
2020,SOUTHWEST,5,2020_5,0
2020,SOUTHWEST,6,2020_6,1
2020,SOUTHWEST,7,2020_7,1
2020,SOUTHWEST,8,2020_8,0
2020,SOUTHWEST,9,2020_9,1
2020,SOUTHWEST,10,2020_10,1
2020,SOUTHWEST,11,2020_11,1
2020,SOUTHWEST,12,2020_12,0
2020,SOUTHWEST,13,2020_13,0
2020,SOUTHWEST,14,2020_14,1
2020,SOUTHWEST,15,2020_15,0
2020,SOUTHWEST,16,2020_16,0
2020,SOUTHWEST,17,2020_17,1
2020,SOUTHWEST,18,2020_18,2
2020,SOUTHWEST,19,2020_19,1
2020,SOUTHWEST,20,2020_20,0
2020,SOUTHWEST,21,2020_21,2
2020,SOUTHWEST,22,2020_22,2
2020,SOUTHWEST,23,2020_23,0
2014,NORTHEAST,1,2014_1,1
2014,NORTHEAST,2,2014_2,2
2014,NORTHEAST,3,2014_3,0
2014,NORTHEAST,4,2014_4,1
2014,NORTHEAST,5,2014_5,0
2014,NORTHEAST,6,2014_6,0
2014,NORTHEAST,7,2014_7,1
2014,NORTHEAST,8,2014_8,0
2014,NORTHEAST,9,2014_9,0
2014,NORTHEAST,10,2014_10,0
2014,NORTHEAST,11,2014_11,0
2014,NORTHEAST,12,2014_12,0
2014,NORTHEAST,13,2014_13,0
2014,NORTHEAST,14,2014_14,1
2014,NORTHEAST,15,2014_15,0
2014,NORTHEAST,16,2014_16,0
2014,NORTHEAST,17,2014_17,0
2014,NORTHEAST,18,2014_18,0
2014,NORTHEAST,19,2014_19,1
2014,NORTHEAST,20,2014_20,2
2014,NORTHEAST,21,2014_21,0
2014,NORTHEAST,22,2014_22,0
2014,NORTHEAST,23,2014_23,2
2014,NORTHEAST,24,2014_24,0
2014,NORTHEAST,25,2014_25,1
2014,NORTHEAST,26,2014_26,0
2014,NORTHEAST,27,2014_27,0
2014,NORTHEAST,28,2014_28,0
2014,NORTHEAST,29,2014_29,1
2014,NORTHEAST,30,2014_30,0
2014,NORTHEAST,31,2014_31,0
2014,NORTHEAST,32,2014_32,0
2014,NORTHEAST,33,2014_33,3
2014,NORTHEAST,34,2014_34,3
2014,NORTHEAST,35,2014_35,1
2014,NORTHEAST,36,2014_36,0
2014,NORTHEAST,37,2014_37,0
2014,NORTHEAST,38,2014_38,2
2014,NORTHEAST,39,2014_39,1
2014,NORTHEAST,40,2014_40,1
2014,NORTHEAST,41,2014_41,3
2014,NORTHEAST,42,2014_42,0
2014,NORTHEAST,43,2014_43,1
2014,NORTHEAST,44,2014_44,2
2014,NORTHEAST,45,2014_45,0
2014,NORTHEAST,46,2014_46,0
2014,NORTHEAST,47,2014_47,2
2014,NORTHEAST,48,2014_48,0
2014,NORTHEAST,49,2014_49,0
2014,NORTHEAST,50,2014_50,0
2014,NORTHEAST,51,2014_51,1
2014,NORTHEAST,52,2014_52,0
2015,NORTHEAST,1,2015_1,2
2015,NORTHEAST,2,2015_2,2
2015,NORTHEAST,3,2015_3,1
2015,NORTHEAST,4,2015_4,2
2015,NORTHEAST,5,2015_5,1
2015,NORTHEAST,6,2015_6,0
2015,NORTHEAST,7,2015_7,0
2015,NORTHEAST,8,2015_8,0
2015,NORTHEAST,9,2015_9,2
2015,NORTHEAST,10,2015_10,0
2015,NORTHEAST,11,2015_11,2
2015,NORTHEAST,12,2015_12,0
2015,NORTHEAST,13,2015_13,0
2015,NORTHEAST,14,2015_14,1
2015,NORTHEAST,15,2015_15,0
2015,NORTHEAST,16,2015_16,0
2015,NORTHEAST,17,2015_17,1
2015,NORTHEAST,18,2015_18,0
2015,NORTHEAST,19,2015_19,0
2015,NORTHEAST,20,2015_20,2
2015,NORTHEAST,21,2015_21,2
2015,NORTHEAST,22,2015_22,2
2015,NORTHEAST,23,2015_23,3
2015,NORTHEAST,24,2015_24,0
2015,NORTHEAST,25,2015_25,1
2015,NORTHEAST,26,2015_26,1
2015,NORTHEAST,27,2015_27,0
2015,NORTHEAST,28,2015_28,2
2015,NORTHEAST,29,2015_29,2
2015,NORTHEAST,30,2015_30,1
2015,NORTHEAST,31,2015_31,1
2015,NORTHEAST,32,2015_32,0
2015,NORTHEAST,33,2015_33,1
2015,NORTHEAST,34,2015_34,0
2015,NORTHEAST,35,2015_35,1
2015,NORTHEAST,36,2015_36,0
2015,NORTHEAST,37,2015_37,0
2015,NORTHEAST,38,2015_38,2
2015,NORTHEAST,39,2015_39,0
2015,NORTHEAST,40,2015_40,3
2015,NORTHEAST,41,2015_41,1
2015,NORTHEAST,42,2015_42,1
2015,NORTHEAST,43,2015_43,1
2015,NORTHEAST,44,2015_44,1
2015,NORTHEAST,45,2015_45,3
2015,NORTHEAST,46,2015_46,1
2015,NORTHEAST,47,2015_47,2
2015,NORTHEAST,48,2015_48,0
2015,NORTHEAST,49,2015_49,0
2015,NORTHEAST,50,2015_50,0
2015,NORTHEAST,51,2015_51,0
2015,NORTHEAST,52,2015_52,1
2015,NORTHEAST,53,2015_53,0
2016,NORTHEAST,1,2016_1,2
2016,NORTHEAST,2,2016_2,0
2016,NORTHEAST,3,2016_3,0
2016,NORTHEAST,4,2016_4,0
2016,NORTHEAST,5,2016_5,0
2016,NORTHEAST,6,2016_6,0
2016,NORTHEAST,7,2016_7,2
2016,NORTHEAST,8,2016_8,0
2016,NORTHEAST,9,2016_9,0
2016,NORTHEAST,10,2016_10,0
2016,NORTHEAST,11,2016_11,0
2016,NORTHEAST,12,2016_12,0
2016,NORTHEAST,13,2016_13,1
2016,NORTHEAST,14,2016_14,0
2016,NORTHEAST,15,2016_15,1
2016,NORTHEAST,16,2016_16,0
2016,NORTHEAST,17,2016_17,1
2016,NORTHEAST,18,2016_18,0
2016,NORTHEAST,19,2016_19,0
2016,NORTHEAST,20,2016_20,1
2016,NORTHEAST,21,2016_21,3
2016,NORTHEAST,22,2016_22,0
2016,NORTHEAST,23,2016_23,0
2016,NORTHEAST,24,2016_24,2
2016,NORTHEAST,25,2016_25,5
2016,NORTHEAST,26,2016_26,1
2016,NORTHEAST,27,2016_27,0
2016,NORTHEAST,28,2016_28,0
2016,NORTHEAST,29,2016_29,2
2016,NORTHEAST,30,2016_30,1
2016,NORTHEAST,31,2016_31,0
2016,NORTHEAST,32,2016_32,0
2016,NORTHEAST,33,2016_33,0
2016,NORTHEAST,34,2016_34,2
2016,NORTHEAST,35,2016_35,0
2016,NORTHEAST,36,2016_36,3
2016,NORTHEAST,37,2016_37,0
2016,NORTHEAST,38,2016_38,1
2016,NORTHEAST,39,2016_39,1
2016,NORTHEAST,40,2016_40,2
2016,NORTHEAST,41,2016_41,0
2016,NORTHEAST,42,2016_42,1
2016,NORTHEAST,43,2016_43,1
2016,NORTHEAST,44,2016_44,0
2016,NORTHEAST,45,2016_45,0
2016,NORTHEAST,46,2016_46,0
2016,NORTHEAST,47,2016_47,1
2016,NORTHEAST,48,2016_48,0
2016,NORTHEAST,49,2016_49,1
2016,NORTHEAST,50,2016_50,0
2016,NORTHEAST,51,2016_51,1
2016,NORTHEAST,52,2016_52,0
2017,NORTHEAST,1,2017_1,0
2017,NORTHEAST,2,2017_2,2
2017,NORTHEAST,3,2017_3,1
2017,NORTHEAST,4,2017_4,1
2017,NORTHEAST,5,2017_5,2
2017,NORTHEAST,6,2017_6,1
2017,NORTHEAST,7,2017_7,0
2017,NORTHEAST,8,2017_8,0
2017,NORTHEAST,9,2017_9,1
2017,NORTHEAST,10,2017_10,1
2017,NORTHEAST,11,2017_11,2
2017,NORTHEAST,12,2017_12,0
2017,NORTHEAST,13,2017_13,0
2017,NORTHEAST,14,2017_14,1
2017,NORTHEAST,15,2017_15,0
2017,NORTHEAST,16,2017_16,2
2017,NORTHEAST,17,2017_17,0
2017,NORTHEAST,18,2017_18,1
2017,NORTHEAST,19,2017_19,1
2017,NORTHEAST,20,2017_20,0
2017,NORTHEAST,21,2017_21,1
2017,NORTHEAST,22,2017_22,1
2017,NORTHEAST,23,2017_23,0
2017,NORTHEAST,24,2017_24,0
2017,NORTHEAST,25,2017_25,1
2017,NORTHEAST,26,2017_26,0
2017,NORTHEAST,27,2017_27,2
2017,NORTHEAST,28,2017_28,0
2017,NORTHEAST,29,2017_29,0
2017,NORTHEAST,30,2017_30,0
2017,NORTHEAST,31,2017_31,0
2017,NORTHEAST,32,2017_32,1
2017,NORTHEAST,33,2017_33,2
2017,NORTHEAST,34,2017_34,1
2017,NORTHEAST,35,2017_35,0
2017,NORTHEAST,36,2017_36,1
2017,NORTHEAST,37,2017_37,0
2017,NORTHEAST,38,2017_38,0
2017,NORTHEAST,39,2017_39,5
2017,NORTHEAST,40,2017_40,1
2017,NORTHEAST,41,2017_41,1
2017,NORTHEAST,42,2017_42,0
2017,NORTHEAST,43,2017_43,1
2017,NORTHEAST,44,2017_44,2
2017,NORTHEAST,45,2017_45,1
2017,NORTHEAST,46,2017_46,0
2017,NORTHEAST,47,2017_47,0
2017,NORTHEAST,48,2017_48,0
2017,NORTHEAST,49,2017_49,2
2017,NORTHEAST,50,2017_50,1
2017,NORTHEAST,51,2017_51,0
2017,NORTHEAST,52,2017_52,0
2018,NORTHEAST,1,2018_1,2
2018,NORTHEAST,2,2018_2,1
2018,NORTHEAST,3,2018_3,0
2018,NORTHEAST,4,2018_4,0
2018,NORTHEAST,5,2018_5,0
2018,NORTHEAST,6,2018_6,0
2018,NORTHEAST,7,2018_7,2
2018,NORTHEAST,8,2018_8,0
2018,NORTHEAST,9,2018_9,1
2018,NORTHEAST,10,2018_10,0
2018,NORTHEAST,11,2018_11,2
2018,NORTHEAST,12,2018_12,0
2018,NORTHEAST,13,2018_13,1
2018,NORTHEAST,14,2018_14,2
2018,NORTHEAST,15,2018_15,0
2018,NORTHEAST,16,2018_16,0
2018,NORTHEAST,17,2018_17,0
2018,NORTHEAST,18,2018_18,0
2018,NORTHEAST,19,2018_19,0
2018,NORTHEAST,20,2018_20,0
2018,NORTHEAST,21,2018_21,0
2018,NORTHEAST,22,2018_22,1
2018,NORTHEAST,23,2018_23,0
2018,NORTHEAST,24,2018_24,2
2018,NORTHEAST,25,2018_25,1
2018,NORTHEAST,26,2018_26,0
2018,NORTHEAST,27,2018_27,1
2018,NORTHEAST,28,2018_28,1
2018,NORTHEAST,29,2018_29,2
2018,NORTHEAST,30,2018_30,0
2018,NORTHEAST,31,2018_31,2
2018,NORTHEAST,32,2018_32,2
2018,NORTHEAST,33,2018_33,0
2018,NORTHEAST,34,2018_34,1
2018,NORTHEAST,35,2018_35,1
2018,NORTHEAST,36,2018_36,0
2018,NORTHEAST,37,2018_37,1
2018,NORTHEAST,38,2018_38,0
2018,NORTHEAST,39,2018_39,3
2018,NORTHEAST,40,2018_40,1
2018,NORTHEAST,41,2018_41,1
2018,NORTHEAST,42,2018_42,0
2018,NORTHEAST,43,2018_43,2
2018,NORTHEAST,44,2018_44,0
2018,NORTHEAST,45,2018_45,0
2018,NORTHEAST,46,2018_46,0
2018,NORTHEAST,47,2018_47,0
2018,NORTHEAST,48,2018_48,1
2018,NORTHEAST,49,2018_49,0
2018,NORTHEAST,50,2018_50,1
2018,NORTHEAST,51,2018_51,0
2018,NORTHEAST,52,2018_52,0
2019,NORTHEAST,1,2019_1,1
2019,NORTHEAST,2,2019_2,0
2019,NORTHEAST,3,2019_3,0
2019,NORTHEAST,4,2019_4,1
2019,NORTHEAST,5,2019_5,1
2019,NORTHEAST,6,2019_6,0
2019,NORTHEAST,7,2019_7,2
2019,NORTHEAST,8,2019_8,1
2019,NORTHEAST,9,2019_9,0
2019,NORTHEAST,10,2019_10,0
2019,NORTHEAST,11,2019_11,2
2019,NORTHEAST,12,2019_12,0
2019,NORTHEAST,13,2019_13,1
2019,NORTHEAST,14,2019_14,0
2019,NORTHEAST,15,2019_15,0
2019,NORTHEAST,16,2019_16,0
2019,NORTHEAST,17,2019_17,1
2019,NORTHEAST,18,2019_18,0
2019,NORTHEAST,19,2019_19,0
2019,NORTHEAST,20,2019_20,0
2019,NORTHEAST,21,2019_21,2
2019,NORTHEAST,22,2019_22,1
2019,NORTHEAST,23,2019_23,0
2019,NORTHEAST,24,2019_24,1
2019,NORTHEAST,25,2019_25,1
2019,NORTHEAST,26,2019_26,0
2019,NORTHEAST,27,2019_27,1
2019,NORTHEAST,28,2019_28,2
2019,NORTHEAST,29,2019_29,0
2019,NORTHEAST,30,2019_30,3
2019,NORTHEAST,31,2019_31,0
2019,NORTHEAST,32,2019_32,2
2019,NORTHEAST,33,2019_33,1
2019,NORTHEAST,34,2019_34,2
2019,NORTHEAST,35,2019_35,1
2019,NORTHEAST,36,2019_36,4
2019,NORTHEAST,37,2019_37,0
2019,NORTHEAST,38,2019_38,0
2019,NORTHEAST,39,2019_39,1
2019,NORTHEAST,40,2019_40,0
2019,NORTHEAST,41,2019_41,1
2019,NORTHEAST,42,2019_42,0
2019,NORTHEAST,43,2019_43,0
2019,NORTHEAST,44,2019_44,0
2019,NORTHEAST,45,2019_45,0
2019,NORTHEAST,46,2019_46,0
2019,NORTHEAST,47,2019_47,0
2019,NORTHEAST,48,2019_48,0
2019,NORTHEAST,49,2019_49,0
2019,NORTHEAST,50,2019_50,1
2019,NORTHEAST,51,2019_51,4
2019,NORTHEAST,52,2019_52,3
2020,NORTHEAST,1,2020_1,1
2020,NORTHEAST,2,2020_2,2
2020,NORTHEAST,3,2020_3,1
2020,NORTHEAST,4,2020_4,2
2020,NORTHEAST,5,2020_5,0
2020,NORTHEAST,6,2020_6,1
2020,NORTHEAST,7,2020_7,1
2020,NORTHEAST,8,2020_8,0
2020,NORTHEAST,9,2020_9,1
2020,NORTHEAST,10,2020_10,0
2020,NORTHEAST,11,2020_11,1
2020,NORTHEAST,12,2020_12,0
2020,NORTHEAST,13,2020_13,0
2020,NORTHEAST,14,2020_14,0
2020,NORTHEAST,15,2020_15,1
2020,NORTHEAST,16,2020_16,0
2020,NORTHEAST,17,2020_17,0
2020,NORTHEAST,18,2020_18,1
2020,NORTHEAST,19,2020_19,3
2020,NORTHEAST,20,2020_20,0
2020,NORTHEAST,21,2020_21,1
2020,NORTHEAST,22,2020_22,0
2020,NORTHEAST,23,2020_23,1
2014,WESTERN,1,2014_1,1
2014,WESTERN,2,2014_2,0
2014,WESTERN,3,2014_3,1
2014,WESTERN,4,2014_4,1
2014,WESTERN,5,2014_5,0
2014,WESTERN,6,2014_6,0
2014,WESTERN,7,2014_7,0
2014,WESTERN,8,2014_8,0
2014,WESTERN,9,2014_9,0
2014,WESTERN,10,2014_10,0
2014,WESTERN,11,2014_11,0
2014,WESTERN,12,2014_12,0
2014,WESTERN,13,2014_13,0
2014,WESTERN,14,2014_14,0
2014,WESTERN,15,2014_15,0
2014,WESTERN,16,2014_16,1
2014,WESTERN,17,2014_17,1
2014,WESTERN,18,2014_18,1
2014,WESTERN,19,2014_19,0
2014,WESTERN,20,2014_20,0
2014,WESTERN,21,2014_21,1
2014,WESTERN,22,2014_22,3
2014,WESTERN,23,2014_23,0
2014,WESTERN,24,2014_24,0
2014,WESTERN,25,2014_25,0
2014,WESTERN,26,2014_26,0
2014,WESTERN,27,2014_27,1
2014,WESTERN,28,2014_28,0
2014,WESTERN,29,2014_29,1
2014,WESTERN,30,2014_30,1
2014,WESTERN,31,2014_31,1
2014,WESTERN,32,2014_32,1
2014,WESTERN,33,2014_33,0
2014,WESTERN,34,2014_34,1
2014,WESTERN,35,2014_35,1
2014,WESTERN,36,2014_36,0
2014,WESTERN,37,2014_37,0
2014,WESTERN,38,2014_38,0
2014,WESTERN,39,2014_39,0
2014,WESTERN,40,2014_40,0
2014,WESTERN,41,2014_41,2
2014,WESTERN,42,2014_42,0
2014,WESTERN,43,2014_43,0
2014,WESTERN,44,2014_44,0
2014,WESTERN,45,2014_45,0
2014,WESTERN,46,2014_46,0
2014,WESTERN,47,2014_47,0
2014,WESTERN,48,2014_48,0
2014,WESTERN,49,2014_49,0
2014,WESTERN,50,2014_50,0
2014,WESTERN,51,2014_51,1
2014,WESTERN,52,2014_52,1
2015,WESTERN,1,2015_1,1
2015,WESTERN,2,2015_2,1
2015,WESTERN,3,2015_3,1
2015,WESTERN,4,2015_4,0
2015,WESTERN,5,2015_5,1
2015,WESTERN,6,2015_6,0
2015,WESTERN,7,2015_7,1
2015,WESTERN,8,2015_8,0
2015,WESTERN,9,2015_9,0
2015,WESTERN,10,2015_10,1
2015,WESTERN,11,2015_11,0
2015,WESTERN,12,2015_12,0
2015,WESTERN,13,2015_13,1
2015,WESTERN,14,2015_14,1
2015,WESTERN,15,2015_15,1
2015,WESTERN,16,2015_16,0
2015,WESTERN,17,2015_17,0
2015,WESTERN,18,2015_18,1
2015,WESTERN,19,2015_19,2
2015,WESTERN,20,2015_20,2
2015,WESTERN,21,2015_21,2
2015,WESTERN,22,2015_22,1
2015,WESTERN,23,2015_23,0
2015,WESTERN,24,2015_24,1
2015,WESTERN,25,2015_25,1
2015,WESTERN,26,2015_26,1
2015,WESTERN,27,2015_27,1
2015,WESTERN,28,2015_28,5
2015,WESTERN,29,2015_29,1
2015,WESTERN,30,2015_30,3
2015,WESTERN,31,2015_31,4
2015,WESTERN,32,2015_32,0
2015,WESTERN,33,2015_33,1
2015,WESTERN,34,2015_34,2
2015,WESTERN,35,2015_35,1
2015,WESTERN,36,2015_36,0
2015,WESTERN,37,2015_37,1
2015,WESTERN,38,2015_38,2
2015,WESTERN,39,2015_39,0
2015,WESTERN,40,2015_40,3
2015,WESTERN,41,2015_41,1
2015,WESTERN,42,2015_42,1
2015,WESTERN,43,2015_43,2
2015,WESTERN,44,2015_44,0
2015,WESTERN,45,2015_45,3
2015,WESTERN,46,2015_46,1
2015,WESTERN,47,2015_47,1
2015,WESTERN,48,2015_48,0
2015,WESTERN,49,2015_49,1
2015,WESTERN,50,2015_50,1
2015,WESTERN,51,2015_51,2
2015,WESTERN,52,2015_52,1
2015,WESTERN,53,2015_53,2
2016,WESTERN,1,2016_1,1
2016,WESTERN,2,2016_2,0
2016,WESTERN,3,2016_3,0
2016,WESTERN,4,2016_4,0
2016,WESTERN,5,2016_5,0
2016,WESTERN,6,2016_6,3
2016,WESTERN,7,2016_7,3
2016,WESTERN,8,2016_8,1
2016,WESTERN,9,2016_9,3
2016,WESTERN,10,2016_10,1
2016,WESTERN,11,2016_11,1
2016,WESTERN,12,2016_12,0
2016,WESTERN,13,2016_13,0
2016,WESTERN,14,2016_14,0
2016,WESTERN,15,2016_15,0
2016,WESTERN,16,2016_16,0
2016,WESTERN,17,2016_17,1
2016,WESTERN,18,2016_18,0
2016,WESTERN,19,2016_19,1
2016,WESTERN,20,2016_20,0
2016,WESTERN,21,2016_21,3
2016,WESTERN,22,2016_22,2
2016,WESTERN,23,2016_23,2
2016,WESTERN,24,2016_24,0
2016,WESTERN,25,2016_25,1
2016,WESTERN,26,2016_26,1
2016,WESTERN,27,2016_27,3
2016,WESTERN,28,2016_28,1
2016,WESTERN,29,2016_29,3
2016,WESTERN,30,2016_30,1
2016,WESTERN,31,2016_31,0
2016,WESTERN,32,2016_32,1
2016,WESTERN,33,2016_33,1
2016,WESTERN,34,2016_34,0
2016,WESTERN,35,2016_35,0
2016,WESTERN,36,2016_36,3
2016,WESTERN,37,2016_37,1
2016,WESTERN,38,2016_38,2
2016,WESTERN,39,2016_39,1
2016,WESTERN,40,2016_40,1
2016,WESTERN,41,2016_41,5
2016,WESTERN,42,2016_42,0
2016,WESTERN,43,2016_43,2
2016,WESTERN,44,2016_44,0
2016,WESTERN,45,2016_45,2
2016,WESTERN,46,2016_46,2
2016,WESTERN,47,2016_47,1
2016,WESTERN,48,2016_48,3
2016,WESTERN,49,2016_49,0
2016,WESTERN,50,2016_50,1
2016,WESTERN,51,2016_51,2
2016,WESTERN,52,2016_52,1
2017,WESTERN,1,2017_1,1
2017,WESTERN,2,2017_2,2
2017,WESTERN,3,2017_3,0
2017,WESTERN,4,2017_4,1
2017,WESTERN,5,2017_5,1
2017,WESTERN,6,2017_6,1
2017,WESTERN,7,2017_7,0
2017,WESTERN,8,2017_8,0
2017,WESTERN,9,2017_9,0
2017,WESTERN,10,2017_10,0
2017,WESTERN,11,2017_11,1
2017,WESTERN,12,2017_12,0
2017,WESTERN,13,2017_13,1
2017,WESTERN,14,2017_14,1
2017,WESTERN,15,2017_15,1
2017,WESTERN,16,2017_16,0
2017,WESTERN,17,2017_17,0
2017,WESTERN,18,2017_18,3
2017,WESTERN,19,2017_19,3
2017,WESTERN,20,2017_20,0
2017,WESTERN,21,2017_21,1
2017,WESTERN,22,2017_22,2
2017,WESTERN,23,2017_23,1
2017,WESTERN,24,2017_24,0
2017,WESTERN,25,2017_25,0
2017,WESTERN,26,2017_26,1
2017,WESTERN,27,2017_27,2
2017,WESTERN,28,2017_28,1
2017,WESTERN,29,2017_29,1
2017,WESTERN,30,2017_30,1
2017,WESTERN,31,2017_31,1
2017,WESTERN,32,2017_32,2
2017,WESTERN,33,2017_33,1
2017,WESTERN,34,2017_34,1
2017,WESTERN,35,2017_35,0
2017,WESTERN,36,2017_36,0
2017,WESTERN,37,2017_37,1
2017,WESTERN,38,2017_38,1
2017,WESTERN,39,2017_39,1
2017,WESTERN,40,2017_40,1
2017,WESTERN,41,2017_41,1
2017,WESTERN,42,2017_42,1
2017,WESTERN,43,2017_43,1
2017,WESTERN,44,2017_44,1
2017,WESTERN,45,2017_45,0
2017,WESTERN,46,2017_46,1
2017,WESTERN,47,2017_47,0
2017,WESTERN,48,2017_48,0
2017,WESTERN,49,2017_49,0
2017,WESTERN,50,2017_50,0
2017,WESTERN,51,2017_51,2
2017,WESTERN,52,2017_52,1
2018,WESTERN,1,2018_1,0
2018,WESTERN,2,2018_2,1
2018,WESTERN,3,2018_3,1
2018,WESTERN,4,2018_4,2
2018,WESTERN,5,2018_5,0
2018,WESTERN,6,2018_6,0
2018,WESTERN,7,2018_7,0
2018,WESTERN,8,2018_8,1
2018,WESTERN,9,2018_9,0
2018,WESTERN,10,2018_10,1
2018,WESTERN,11,2018_11,0
2018,WESTERN,12,2018_12,0
2018,WESTERN,13,2018_13,1
2018,WESTERN,14,2018_14,5
2018,WESTERN,15,2018_15,1
2018,WESTERN,16,2018_16,2
2018,WESTERN,17,2018_17,0
2018,WESTERN,18,2018_18,0
2018,WESTERN,19,2018_19,0
2018,WESTERN,20,2018_20,0
2018,WESTERN,21,2018_21,0
2018,WESTERN,22,2018_22,0
2018,WESTERN,23,2018_23,0
2018,WESTERN,24,2018_24,3
2018,WESTERN,25,2018_25,0
2018,WESTERN,26,2018_26,0
2018,WESTERN,27,2018_27,1
2018,WESTERN,28,2018_28,1
2018,WESTERN,29,2018_29,0
2018,WESTERN,30,2018_30,1
2018,WESTERN,31,2018_31,0
2018,WESTERN,32,2018_32,1
2018,WESTERN,33,2018_33,1
2018,WESTERN,34,2018_34,2
2018,WESTERN,35,2018_35,1
2018,WESTERN,36,2018_36,0
2018,WESTERN,37,2018_37,0
2018,WESTERN,38,2018_38,2
2018,WESTERN,39,2018_39,1
2018,WESTERN,40,2018_40,2
2018,WESTERN,41,2018_41,1
2018,WESTERN,42,2018_42,4
2018,WESTERN,43,2018_43,0
2018,WESTERN,44,2018_44,1
2018,WESTERN,45,2018_45,0
2018,WESTERN,46,2018_46,1
2018,WESTERN,47,2018_47,1
2018,WESTERN,48,2018_48,2
2018,WESTERN,49,2018_49,0
2018,WESTERN,50,2018_50,1
2018,WESTERN,51,2018_51,3
2018,WESTERN,52,2018_52,0
2019,WESTERN,1,2019_1,0
2019,WESTERN,2,2019_2,1
2019,WESTERN,3,2019_3,1
2019,WESTERN,4,2019_4,0
2019,WESTERN,5,2019_5,1
2019,WESTERN,6,2019_6,0
2019,WESTERN,7,2019_7,0
2019,WESTERN,8,2019_8,0
2019,WESTERN,9,2019_9,2
2019,WESTERN,10,2019_10,1
2019,WESTERN,11,2019_11,4
2019,WESTERN,12,2019_12,1
2019,WESTERN,13,2019_13,0
2019,WESTERN,14,2019_14,0
2019,WESTERN,15,2019_15,1
2019,WESTERN,16,2019_16,0
2019,WESTERN,17,2019_17,4
2019,WESTERN,18,2019_18,2
2019,WESTERN,19,2019_19,1
2019,WESTERN,20,2019_20,5
2019,WESTERN,21,2019_21,0
2019,WESTERN,22,2019_22,1
2019,WESTERN,23,2019_23,2
2019,WESTERN,24,2019_24,1
2019,WESTERN,25,2019_25,0
2019,WESTERN,26,2019_26,2
2019,WESTERN,27,2019_27,1
2019,WESTERN,28,2019_28,0
2019,WESTERN,29,2019_29,0
2019,WESTERN,30,2019_30,2
2019,WESTERN,31,2019_31,0
2019,WESTERN,32,2019_32,1
2019,WESTERN,33,2019_33,2
2019,WESTERN,34,2019_34,1
2019,WESTERN,35,2019_35,0
2019,WESTERN,36,2019_36,2
2019,WESTERN,37,2019_37,0
2019,WESTERN,38,2019_38,0
2019,WESTERN,39,2019_39,0
2019,WESTERN,40,2019_40,0
2019,WESTERN,41,2019_41,3
2019,WESTERN,42,2019_42,0
2019,WESTERN,43,2019_43,2
2019,WESTERN,44,2019_44,1
2019,WESTERN,45,2019_45,3
2019,WESTERN,46,2019_46,3
2019,WESTERN,47,2019_47,1
2019,WESTERN,48,2019_48,1
2019,WESTERN,49,2019_49,2
2019,WESTERN,50,2019_50,0
2019,WESTERN,51,2019_51,0
2019,WESTERN,52,2019_52,0
2020,WESTERN,1,2020_1,1
2020,WESTERN,2,2020_2,0
2020,WESTERN,3,2020_3,1
2020,WESTERN,4,2020_4,3
2020,WESTERN,5,2020_5,2
2020,WESTERN,6,2020_6,2
2020,WESTERN,7,2020_7,1
2020,WESTERN,8,2020_8,0
2020,WESTERN,9,2020_9,1
2020,WESTERN,10,2020_10,0
2020,WESTERN,11,2020_11,0
2020,WESTERN,12,2020_12,0
2020,WESTERN,13,2020_13,0
2020,WESTERN,14,2020_14,0
2020,WESTERN,15,2020_15,1
2020,WESTERN,16,2020_16,1
2020,WESTERN,17,2020_17,0
2020,WESTERN,18,2020_18,1
2020,WESTERN,19,2020_19,1
2020,WESTERN,20,2020_20,0
2020,WESTERN,21,2020_21,0
2020,WESTERN,22,2020_22,2
2020,WESTERN,23,2020_23,1
2014,CENTRAL,1,2014_1,0
2014,CENTRAL,2,2014_2,1
2014,CENTRAL,3,2014_3,0
2014,CENTRAL,4,2014_4,0
2014,CENTRAL,5,2014_5,0
2014,CENTRAL,6,2014_6,1
2014,CENTRAL,7,2014_7,1
2014,CENTRAL,8,2014_8,0
2014,CENTRAL,9,2014_9,0
2014,CENTRAL,10,2014_10,0
2014,CENTRAL,11,2014_11,0
2014,CENTRAL,12,2014_12,0
2014,CENTRAL,13,2014_13,0
2014,CENTRAL,14,2014_14,0
2014,CENTRAL,15,2014_15,1
2014,CENTRAL,16,2014_16,0
2014,CENTRAL,17,2014_17,0
2014,CENTRAL,18,2014_18,1
2014,CENTRAL,19,2014_19,0
2014,CENTRAL,20,2014_20,1
2014,CENTRAL,21,2014_21,0
2014,CENTRAL,22,2014_22,0
2014,CENTRAL,23,2014_23,1
2014,CENTRAL,24,2014_24,0
2014,CENTRAL,25,2014_25,0
2014,CENTRAL,26,2014_26,0
2014,CENTRAL,27,2014_27,0
2014,CENTRAL,28,2014_28,0
2014,CENTRAL,29,2014_29,0
2014,CENTRAL,30,2014_30,0
2014,CENTRAL,31,2014_31,0
2014,CENTRAL,32,2014_32,0
2014,CENTRAL,33,2014_33,0
2014,CENTRAL,34,2014_34,1
2014,CENTRAL,35,2014_35,0
2014,CENTRAL,36,2014_36,1
2014,CENTRAL,37,2014_37,0
2014,CENTRAL,38,2014_38,2
2014,CENTRAL,39,2014_39,0
2014,CENTRAL,40,2014_40,0
2014,CENTRAL,41,2014_41,0
2014,CENTRAL,42,2014_42,0
2014,CENTRAL,43,2014_43,0
2014,CENTRAL,44,2014_44,0
2014,CENTRAL,45,2014_45,0
2014,CENTRAL,46,2014_46,0
2014,CENTRAL,47,2014_47,1
2014,CENTRAL,48,2014_48,0
2014,CENTRAL,49,2014_49,1
2014,CENTRAL,50,2014_50,0
2014,CENTRAL,51,2014_51,0
2014,CENTRAL,52,2014_52,0
2015,CENTRAL,1,2015_1,0
2015,CENTRAL,2,2015_2,1
2015,CENTRAL,3,2015_3,0
2015,CENTRAL,4,2015_4,0
2015,CENTRAL,5,2015_5,1
2015,CENTRAL,6,2015_6,0
2015,CENTRAL,7,2015_7,0
2015,CENTRAL,8,2015_8,0
2015,CENTRAL,9,2015_9,1
2015,CENTRAL,10,2015_10,1
2015,CENTRAL,11,2015_11,0
2015,CENTRAL,12,2015_12,0
2015,CENTRAL,13,2015_13,0
2015,CENTRAL,14,2015_14,0
2015,CENTRAL,15,2015_15,0
2015,CENTRAL,16,2015_16,0
2015,CENTRAL,17,2015_17,0
2015,CENTRAL,18,2015_18,0
2015,CENTRAL,19,2015_19,1
2015,CENTRAL,20,2015_20,0
2015,CENTRAL,21,2015_21,1
2015,CENTRAL,22,2015_22,0
2015,CENTRAL,23,2015_23,2
2015,CENTRAL,24,2015_24,0
2015,CENTRAL,25,2015_25,0
2015,CENTRAL,26,2015_26,0
2015,CENTRAL,27,2015_27,0
2015,CENTRAL,28,2015_28,0
2015,CENTRAL,29,2015_29,0
2015,CENTRAL,30,2015_30,1
2015,CENTRAL,31,2015_31,0
2015,CENTRAL,32,2015_32,0
2015,CENTRAL,33,2015_33,1
2015,CENTRAL,34,2015_34,0
2015,CENTRAL,35,2015_35,0
2015,CENTRAL,36,2015_36,1
2015,CENTRAL,37,2015_37,0
2015,CENTRAL,38,2015_38,0
2015,CENTRAL,39,2015_39,2
2015,CENTRAL,40,2015_40,0
2015,CENTRAL,41,2015_41,1
2015,CENTRAL,42,2015_42,1
2015,CENTRAL,43,2015_43,0
2015,CENTRAL,44,2015_44,0
2015,CENTRAL,45,2015_45,0
2015,CENTRAL,46,2015_46,0
2015,CENTRAL,47,2015_47,0
2015,CENTRAL,48,2015_48,0
2015,CENTRAL,49,2015_49,2
2015,CENTRAL,50,2015_50,0
2015,CENTRAL,51,2015_51,3
2015,CENTRAL,52,2015_52,0
2015,CENTRAL,53,2015_53,0
2016,CENTRAL,1,2016_1,0
2016,CENTRAL,2,2016_2,0
2016,CENTRAL,3,2016_3,0
2016,CENTRAL,4,2016_4,0
2016,CENTRAL,5,2016_5,0
2016,CENTRAL,6,2016_6,0
2016,CENTRAL,7,2016_7,1
2016,CENTRAL,8,2016_8,0
2016,CENTRAL,9,2016_9,1
2016,CENTRAL,10,2016_10,0
2016,CENTRAL,11,2016_11,1
2016,CENTRAL,12,2016_12,0
2016,CENTRAL,13,2016_13,0
2016,CENTRAL,14,2016_14,0
2016,CENTRAL,15,2016_15,1
2016,CENTRAL,16,2016_16,1
2016,CENTRAL,17,2016_17,0
2016,CENTRAL,18,2016_18,0
2016,CENTRAL,19,2016_19,0
2016,CENTRAL,20,2016_20,1
2016,CENTRAL,21,2016_21,0
2016,CENTRAL,22,2016_22,0
2016,CENTRAL,23,2016_23,1
2016,CENTRAL,24,2016_24,0
2016,CENTRAL,25,2016_25,0
2016,CENTRAL,26,2016_26,0
2016,CENTRAL,27,2016_27,1
2016,CENTRAL,28,2016_28,1
2016,CENTRAL,29,2016_29,0
2016,CENTRAL,30,2016_30,1
2016,CENTRAL,31,2016_31,1
2016,CENTRAL,32,2016_32,1
2016,CENTRAL,33,2016_33,0
2016,CENTRAL,34,2016_34,0
2016,CENTRAL,35,2016_35,0
2016,CENTRAL,36,2016_36,0
2016,CENTRAL,37,2016_37,1
2016,CENTRAL,38,2016_38,1
2016,CENTRAL,39,2016_39,0
2016,CENTRAL,40,2016_40,1
2016,CENTRAL,41,2016_41,0
2016,CENTRAL,42,2016_42,0
2016,CENTRAL,43,2016_43,1
2016,CENTRAL,44,2016_44,0
2016,CENTRAL,45,2016_45,0
2016,CENTRAL,46,2016_46,0
2016,CENTRAL,47,2016_47,1
2016,CENTRAL,48,2016_48,0
2016,CENTRAL,49,2016_49,1
2016,CENTRAL,50,2016_50,0
2016,CENTRAL,51,2016_51,1
2016,CENTRAL,52,2016_52,0
2017,CENTRAL,1,2017_1,1
2017,CENTRAL,2,2017_2,0
2017,CENTRAL,3,2017_3,1
2017,CENTRAL,4,2017_4,0
2017,CENTRAL,5,2017_5,0
2017,CENTRAL,6,2017_6,0
2017,CENTRAL,7,2017_7,0
2017,CENTRAL,8,2017_8,0
2017,CENTRAL,9,2017_9,1
2017,CENTRAL,10,2017_10,0
2017,CENTRAL,11,2017_11,1
2017,CENTRAL,12,2017_12,0
2017,CENTRAL,13,2017_13,0
2017,CENTRAL,14,2017_14,2
2017,CENTRAL,15,2017_15,0
2017,CENTRAL,16,2017_16,0
2017,CENTRAL,17,2017_17,1
2017,CENTRAL,18,2017_18,0
2017,CENTRAL,19,2017_19,0
2017,CENTRAL,20,2017_20,1
2017,CENTRAL,21,2017_21,0
2017,CENTRAL,22,2017_22,0
2017,CENTRAL,23,2017_23,1
2017,CENTRAL,24,2017_24,0
2017,CENTRAL,25,2017_25,0
2017,CENTRAL,26,2017_26,1
2017,CENTRAL,27,2017_27,2
2017,CENTRAL,28,2017_28,0
2017,CENTRAL,29,2017_29,1
2017,CENTRAL,30,2017_30,0
2017,CENTRAL,31,2017_31,0
2017,CENTRAL,32,2017_32,0
2017,CENTRAL,33,2017_33,1
2017,CENTRAL,34,2017_34,0
2017,CENTRAL,35,2017_35,0
2017,CENTRAL,36,2017_36,0
2017,CENTRAL,37,2017_37,1
2017,CENTRAL,38,2017_38,1
2017,CENTRAL,39,2017_39,2
2017,CENTRAL,40,2017_40,2
2017,CENTRAL,41,2017_41,0
2017,CENTRAL,42,2017_42,0
2017,CENTRAL,43,2017_43,2
2017,CENTRAL,44,2017_44,0
2017,CENTRAL,45,2017_45,0
2017,CENTRAL,46,2017_46,0
2017,CENTRAL,47,2017_47,1
2017,CENTRAL,48,2017_48,0
2017,CENTRAL,49,2017_49,0
2017,CENTRAL,50,2017_50,0
2017,CENTRAL,51,2017_51,0
2017,CENTRAL,52,2017_52,0
2018,CENTRAL,1,2018_1,1
2018,CENTRAL,2,2018_2,0
2018,CENTRAL,3,2018_3,1
2018,CENTRAL,4,2018_4,2
2018,CENTRAL,5,2018_5,0
2018,CENTRAL,6,2018_6,0
2018,CENTRAL,7,2018_7,0
2018,CENTRAL,8,2018_8,1
2018,CENTRAL,9,2018_9,0
2018,CENTRAL,10,2018_10,0
2018,CENTRAL,11,2018_11,1
2018,CENTRAL,12,2018_12,0
2018,CENTRAL,13,2018_13,0
2018,CENTRAL,14,2018_14,0
2018,CENTRAL,15,2018_15,0
2018,CENTRAL,16,2018_16,1
2018,CENTRAL,17,2018_17,0
2018,CENTRAL,18,2018_18,0
2018,CENTRAL,19,2018_19,2
2018,CENTRAL,20,2018_20,0
2018,CENTRAL,21,2018_21,1
2018,CENTRAL,22,2018_22,1
2018,CENTRAL,23,2018_23,0
2018,CENTRAL,24,2018_24,0
2018,CENTRAL,25,2018_25,2
2018,CENTRAL,26,2018_26,1
2018,CENTRAL,27,2018_27,0
2018,CENTRAL,28,2018_28,1
2018,CENTRAL,29,2018_29,0
2018,CENTRAL,30,2018_30,0
2018,CENTRAL,31,2018_31,0
2018,CENTRAL,32,2018_32,1
2018,CENTRAL,33,2018_33,0
2018,CENTRAL,34,2018_34,0
2018,CENTRAL,35,2018_35,0
2018,CENTRAL,36,2018_36,0
2018,CENTRAL,37,2018_37,0
2018,CENTRAL,38,2018_38,0
2018,CENTRAL,39,2018_39,2
2018,CENTRAL,40,2018_40,0
2018,CENTRAL,41,2018_41,0
2018,CENTRAL,42,2018_42,0
2018,CENTRAL,43,2018_43,0
2018,CENTRAL,44,2018_44,0
2018,CENTRAL,45,2018_45,1
2018,CENTRAL,46,2018_46,2
2018,CENTRAL,47,2018_47,1
2018,CENTRAL,48,2018_48,0
2018,CENTRAL,49,2018_49,0
2018,CENTRAL,50,2018_50,1
2018,CENTRAL,51,2018_51,0
2018,CENTRAL,52,2018_52,1
2019,CENTRAL,1,2019_1,0
2019,CENTRAL,2,2019_2,1
2019,CENTRAL,3,2019_3,0
2019,CENTRAL,4,2019_4,0
2019,CENTRAL,5,2019_5,0
2019,CENTRAL,6,2019_6,0
2019,CENTRAL,7,2019_7,0
2019,CENTRAL,8,2019_8,1
2019,CENTRAL,9,2019_9,0
2019,CENTRAL,10,2019_10,0
2019,CENTRAL,11,2019_11,0
2019,CENTRAL,12,2019_12,0
2019,CENTRAL,13,2019_13,0
2019,CENTRAL,14,2019_14,1
2019,CENTRAL,15,2019_15,0
2019,CENTRAL,16,2019_16,0
2019,CENTRAL,17,2019_17,0
2019,CENTRAL,18,2019_18,1
2019,CENTRAL,19,2019_19,0
2019,CENTRAL,20,2019_20,0
2019,CENTRAL,21,2019_21,0
2019,CENTRAL,22,2019_22,0
2019,CENTRAL,23,2019_23,0
2019,CENTRAL,24,2019_24,0
2019,CENTRAL,25,2019_25,0
2019,CENTRAL,26,2019_26,0
2019,CENTRAL,27,2019_27,0
2019,CENTRAL,28,2019_28,0
2019,CENTRAL,29,2019_29,1
2019,CENTRAL,30,2019_30,0
2019,CENTRAL,31,2019_31,0
2019,CENTRAL,32,2019_32,1
2019,CENTRAL,33,2019_33,0
2019,CENTRAL,34,2019_34,1
2019,CENTRAL,35,2019_35,0
2019,CENTRAL,36,2019_36,3
2019,CENTRAL,37,2019_37,0
2019,CENTRAL,38,2019_38,0
2019,CENTRAL,39,2019_39,0
2019,CENTRAL,40,2019_40,0
2019,CENTRAL,41,2019_41,0
2019,CENTRAL,42,2019_42,2
2019,CENTRAL,43,2019_43,0
2019,CENTRAL,44,2019_44,0
2019,CENTRAL,45,2019_45,0
2019,CENTRAL,46,2019_46,0
2019,CENTRAL,47,2019_47,0
2019,CENTRAL,48,2019_48,0
2019,CENTRAL,49,2019_49,0
2019,CENTRAL,50,2019_50,0
2019,CENTRAL,51,2019_51,0
2019,CENTRAL,52,2019_52,0
2020,CENTRAL,1,2020_1,0
2020,CENTRAL,2,2020_2,0
2020,CENTRAL,3,2020_3,1
2020,CENTRAL,4,2020_4,0
2020,CENTRAL,5,2020_5,0
2020,CENTRAL,6,2020_6,0
2020,CENTRAL,7,2020_7,1
2020,CENTRAL,8,2020_8,0
2020,CENTRAL,9,2020_9,0
2020,CENTRAL,10,2020_10,0
2020,CENTRAL,11,2020_11,0
2020,CENTRAL,12,2020_12,0
2020,CENTRAL,13,2020_13,0
2020,CENTRAL,14,2020_14,0
2020,CENTRAL,15,2020_15,0
2020,CENTRAL,16,2020_16,0
2020,CENTRAL,17,2020_17,0
2020,CENTRAL,18,2020_18,0
2020,CENTRAL,19,2020_19,0
2020,CENTRAL,20,2020_20,2
2020,CENTRAL,21,2020_21,0
2020,CENTRAL,22,2020_22,1
2020,CENTRAL,23,2020_23,2
